supplier_id,company_name,sector,city,company_size,founded_year,employee_count,vkn,supplier_annual_revenue_tl,annual_purchase_volume_tl,total_orders_last_year,late_orders_last_year,price_q1,price_q2,price_q3,price_q4,units_shipped_last_year,units_returned_last_year,contract_start_date,last_audit_date,payment_terms_days,iso_certified,overdue_debt_ratio,debt_to_revenue_ratio,payment_default_last_3y,has_export_documentation,requires_full_upfront_payment,site_visit_verified,period,vkn_valid
SUP030,Alemdar Türk Yapı Ltd. Şti.,İnşaat Malzemeleri,Antalya,Small,2002,46,1278742962,49398297.72,9249259.59,25,11,212.41,263.19,254.86,239.53,9700,1628,2017-08-23,2025-03-06,90,False,,1.17,False,True,False,False,2025-Q4,True
SUP032,Çamurcuoğlu Ambalaj Ltd. Şti.,Ambalaj,İstanbul,Small,2011,15,4171274842,59429767.52,14030355.36,56,21,92.05,92.85,100.97,116.75,1228,53,2017-10-26,2025-02-20,90,False,0.11,,False,True,True,True,2025-Q2,True
SUP029,Hayrioğlu Makine Tic.,Makine İmalat,İstanbul,Small,,27,3102499479,16406178.41,1376353.72,30,10,368.31,,336.83,353.15,12003,722,2020-06-05,2026-02-23,,False,0.13,0.17,False,True,False,True,2025-Q2,True
SUP043,Erdoğan Kısakürek Makine İmalat Tic.,Makine İmalat,Bursa,Small,1988,40,7617711195,42583507.64,6839189.14,14,3,195.83,193.86,195.57,209.73,8302,1466,2023-11-16,2025-12-17,45,True,0.11,0.41,False,True,False,True,2025-Q1,False
SUP042,Aksu Çetin Elektronik San. ve Tic. A.Ş.,Elektronik,Denizli,Medium,1976,83,1539502409,309698811.14,33889675.7,114,15,930.58,1019.67,893.76,750.36,36550,7428,2019-04-17,2026-01-10,45,False,0.07,0.4,False,True,,True,2025-Q2,True
SUP062,Ülker Mobilya Tic.,Mobilya,Van,Micro,2002,3,9565431027,1138716.95,350200.19,24,12,15.82,14.68,17.44,15.34,4123,494,2018-10-31,2024-12-18,90,False,0.2,,False,,False,True,2025-Q3,True
SUP012,Sama İcecek Tic.,Gıda ve İçecek,İzmir,Micro,2002,7,5005242782,7552958.5,801568.29,13,5,163.72,173.74,170.14,173.36,1119,209,2020-05-09,2026-04-26,90,False,0.26,0.45,False,False,True,True,2025-Q3,True
SUP024,Arsoy Mobilya San. ve Tic. A.Ş.,Mobilya,Konya,Medium,1986,174,4545494802,847657917.0,17169914.61,77,28,1014.79,964.47,954.19,1069.17,52925,12785,2022-11-24,2025-01-14,45,True,0.16,0.52,False,True,False,True,2025-Q4,True
SUP083,Bilge Sakarya Plastik Tic.,Plastik ve Kauçuk,Adana,Small,2014,13,9668826348,38686101.16,5518180.22,50,14,391.38,338.82,326.47,319.43,6261,1555,2022-06-19,2026-05-24,,False,0.15,0.25,,True,False,,2025-Q4,True
SUP026,Şener Aksu Demir Çelik San. ve Tic. A.Ş.,Metal ve Çelik,Çorum,Medium,1987,125,4524082408,,28232834.33,55,10,605.31,634.28,590.93,600.42,107370,12490,2017-11-27,2025-12-27,30,False,0.34,,False,True,False,True,2025-Q1,True
SUP040,Çorlu İnönü Lojistik San. ve Tic. A.Ş.,Lojistik,Denizli,Medium,1981,110,9267586926,156895337.04,,74,37,268.53,263.08,253.02,232.58,81484,3702,2025-05-12,2025-09-28,90,False,0.1,0.73,False,True,False,True,2025-Q2,True
SUP052,Şener Zorlu Makine İmalat Ltd. Şti.,Makine İmalat,Tekirdağ,Small,1987,25,8788925540,61449101.78,3966825.83,10,1,449.41,425.88,424.29,343.13,9000,368,2021-10-08,2026-06-25,90,False,0.1,0.35,False,True,False,True,2025-Q3,True
SUP007,Şensoy Elektronik Tic.,Elektronik,Bursa,Small,2002,41,4829973768,62947784.66,5772046.88,22,2,159.21,121.35,129.79,124.43,1791,109,2020-01-28,2026-03-20,45,True,0.18,0.22,True,False,True,False,2025-Q4,True
SUP071,Şener Ambalaj Tic.,Ambalaj,Mersin,Small,1999,13,8299623090,83417394.99,8448984.35,55,0,119.94,136.75,151.31,160.68,9640,249,2017-11-25,2026-03-13,30,False,0.23,0.64,False,True,False,True,2025-Q2,False
SUP025,Ülker Aslan Ambalaj San. ve Tic. A.Ş.,Ambalaj,Adana,Medium,2005,191,9568557440,,55109557.16,102,30,326.28,289.55,304.41,284.92,106863,1897,2022-09-26,2025-02-19,60,,0.16,0.15,False,False,False,True,2025-Q2,True
SUP003,Koruturk Gida San. ve Tic. A.Ş.,Gıda ve İçecek,Sakarya,Medium,2010,106,6030564132,340280039.84,50075296.56,98,29,295.51,323.15,310.23,328.51,62054,11991,2018-06-08,2026-02-17,60,,0.08,0.29,False,True,False,True,2025-Q3,True
SUP034,Çamurcuoğlu Şensoy Karton Tic.,Ambalaj,,Small,,41,1289517184,72774858.49,10265343.78,27,5,87.24,90.1,,85.14,13649,872,2023-06-04,,90,True,0.14,0.87,True,True,True,True,2025-Q2,True
SUP071,Şener Ambalaj Tic.,Ambalaj,Mersin,Small,1999,13,8289623090,83417394.99,8634481.93,54,0,129.58,145.98,154.76,147.24,11133,325,2017-11-25,2026-03-13,30,False,0.22,0.59,False,True,False,True,2025-Q4,True
SUP012,Şama İçecek Tic.,Gıda ve İçecek,İzmir,Micro,2002,7,5005242782,7552958.5,782808.3,13,6,156.61,173.99,157.73,,1062,206,2020-05-09,2026-04-26,90,False,0.21,0.57,False,False,True,True,2025-Q4,True
SUP010,Şafak Mobilya Tic.,Mobilya,Kayseri,Micro,2007,1,2699854355,5545698.29,371916.01,20,6,186.6,190.91,180.79,182.46,4219,628,2019-05-30,2026-03-06,45,False,,0.54,False,True,True,False,2025-Q1,True
SUP026,Şener Aksu Demir Çelik San. ve Tic. A.Ş.,Metal ve Çelik,Çorum,Medium,1987,125,4524082408,785970648.54,30213106.76,54,10,511.45,684.24,591.24,622.87,108378,,2017-11-27,,30,False,0.33,0.23,False,True,False,True,2025-Q4,True
SUP056,İhsanoğlu Gida San. ve Tic. A.Ş.,Gıda ve İçecek,Ankara,Medium,1984,161,2375060682,886705250.55,77707039.19,72,1,805.88,769.43,756.47,679.63,16839,2314,2017-01-09,2024-12-05,60,True,,0.16,False,True,False,True,2025-Q1,True
SUP081,Şensoy Şensoy Kimya San. Tic. Ltd. Şti.,Kimya,Sakarya,Medium,1976,111,4119079036,481715226.76,30541278.45,105,24,,915.12,,,93231,12979,2017-08-12,,30,False,0.05,0.18,False,True,False,True,2025-Q2,True
SUP035,Eraslan Yaman Kauçuk Tic.,Plastik ve Kauçuk,Van,Micro,2015,9,1913431616,9707434.49,1398441.46,8,0,98.44,100.46,109.88,100.08,748,49,2024-07-01,2024-12-29,30,False,0.17,0.47,False,,False,,2025-Q2,True
SUP060,Gül Metal San. ve Tic. A.Ş.,Metal ve Çelik,Balıkesir,Medium,1998,161,7765277583,833865472.59,65371304.22,71,12,517.7,498.63,473.67,498.68,75157,13696,2018-01-12,2024-11-15,60,False,0.19,0.44,False,True,False,True,2025-Q2,True
SUP006,Yıldırım Otomotiv Ltd. Şti.,Otomotiv Yan Sanayi,Kocaeli,Small,1995,,9963834653,82609732.43,7373568.63,32,22,376.33,364.66,373.97,387.48,14189,3122,2025-04-16,2025-12-21,90,False,0.14,0.65,False,True,False,True,2025-Q2,True
SUP024,Arsoy Mobilya San. ve Tic. A.Ş.,Mobilya,Konya,Medium,1986,174,4545494802,847657917.0,18896937.02,69,25,1047.22,994.44,982.98,1097.18,51197,9136,2022-11-24,2025-01-14,45,True,0.11,0.46,False,True,False,,2025-Q2,True
SUP041,Demir Mobilya San. Tic. Ltd. Şti.,Mobilya,Sakarya,Medium,1982,166,2390053293,433476962.86,28137740.46,80,23,75.85,90.88,91.96,93.94,46526,8266,2017-06-29,,45,,0.24,0.31,False,True,False,True,2025-Q3,True
SUP055,Hayrioglu Soylu Makine İmalat Ltd. Şti.,Makine İmalat,Gaziantep,Micro,2015,4,6977468862,915078.07,137995.29,28,9,136.29,143.17,152.98,,1514,,2016-09-13,2025-12-19,45,False,0.33,0.78,False,True,False,True,2025-Q2,True
SUP060,Gül Metal San. ve Tic. A.Ş.,Metal ve Çelik,Balıkesir,Medium,1998,161,7765277583,833865472.59,64594388.5,68,9,501.68,443.29,470.62,,74618,10593,2018-01-12,,60,False,0.15,0.46,False,True,False,,2025-Q4,True
SUP007,Şensoy Elektronik Tic.,Elektronik,Bursa,Small,2002,41,4829973768,62947784.66,5483894.61,20,2,148.87,128.94,122.71,123.08,1841,100,2020-01-28,2026-03-20,45,True,0.14,0.19,False,False,False,False,2025-Q3,True
SUP040,Çorlu İnönü Lojistik San. ve Tic. A.Ş.,Lojistik,Denizli,Medium,1981,110,9267586926,156895337.04,19665222.19,81,31,280.0,,248.63,237.17,89964,3149,2025-05-12,2025-09-28,90,False,0.12,0.62,False,True,,,2025-Q1,True
SUP020,Ülker Mobilya Ltd. Şti.,Mobilya,İzmir,Small,2012,41,1656272985,78903511.85,,58,14,302.32,,311.44,306.49,864,113,2017-11-16,2024-10-15,30,False,0.3,0.64,True,True,False,False,2025-Q2,True
SUP062,Ülker Mobilya Tic.,Mobilya,Van,Micro,2002,3,9565431027,,381190.59,23,14,16.58,15.03,18.27,14.39,4285,385,2018-10-31,2024-12-18,90,False,,0.5,False,True,False,True,2025-Q4,True
SUP079,Ülker Şafak Plastik Tic.,Plastik ve Kauçuk,Gaziantep,Small,1986,35,5039106517,,2587372.82,23,1,229.93,238.15,242.03,246.44,12245,1618,2018-04-19,2024-11-24,30,False,0.26,0.27,False,True,False,,2025-Q1,True
SUP006,Yıldırım Otomotiv Ltd. Şti.,Otomotiv Yan Sanayi,Kocaeli,Small,1995,26,9963834653,82609732.43,6830132.06,33,18,378.82,378.91,389.77,383.71,14896,2995,2025-04-16,,90,False,0.14,0.79,False,,True,True,2025-Q1,True
SUP046,Gül Demir Taşımacılık Ltd. Şti.,Lojistik,Eskişehir,Micro,2022,5,1244550220,5953950.04,1683874.19,17,2,187.04,178.93,183.66,,911,39,2016-11-20,2026-02-20,90,False,0.18,0.2,True,True,False,True,2025-Q4,True
SUP075,Soylu Bilir Otomotiv Tic.,Otomotiv Yan Sanayi,Tekirdağ,Micro,2023,5,1049915474,7517521.96,2445660.65,26,0,53.42,58.76,47.4,54.59,4204,640,2021-06-06,2026-02-11,90,False,,0.53,True,True,False,True,2025-Q4,True
SUP026,Şener Aksu Demir Çelik San. ve Tic. A.Ş.,Metal ve Çelik,Çorum,Medium,1987,125,4524082408,785970648.54,27105340.67,57,9,563.66,650.95,574.88,582.54,114843,13862,2017-11-27,2025-12-27,,False,0.3,0.2,False,True,False,True,2025-Q2,True
SUP077,Çetin Ambalaj Tic.,Ambalaj,Tekirdağ,Small,2017,29,2459332728,37175125.57,7027368.5,58,18,389.82,389.07,387.65,370.53,4874,202,2024-09-25,2025-03-17,90,False,0.14,0.56,True,True,False,False,2025-Q1,True
SUP085,Şafak Nakliyat Ltd. Şti.,Lojistik,Sakarya,Small,1987,46,4204899647,42368015.62,9499698.4,51,16,135.51,135.57,,139.39,6386,1412,2024-04-28,2024-12-27,45,False,0.23,0.38,False,True,False,True,2025-Q1,True
SUP004,Şafak Türk Plastik Ltd. Şti.,Plastik ve Kauçuk,,Small,1988,17,3269166979,32196475.69,4942190.88,39,6,117.76,117.33,107.35,114.06,2840,380,2018-03-04,2025-12-12,60,False,0.22,,False,True,False,True,2025-Q1,True
SUP074,Yüksel Kimya San. Tic. Ltd. Şti.,Kimya,Denizli,Medium,2005,75,3082677344,198303923.41,21783694.62,118,16,321.11,338.7,337.86,331.87,102999,9493,2017-11-24,2025-10-14,60,True,0.17,0.46,False,False,,True,2025-Q2,True
SUP059,Durdu Kaucuk Ltd. Şti.,Plastik ve Kauçuk,Konya,Small,2006,21,8722170439,11461800.8,2622157.67,31,9,108.76,103.66,120.41,106.06,5945,2159,,2026-07-23,30,False,,0.54,False,True,False,True,2025-Q3,True
SUP047,Şensoy Şama İplik San. Tic. Ltd. Şti.,Tekstil,Adana,Medium,1985,243,1147679763,438574965.13,32239825.81,51,,700.6,654.62,669.24,688.47,107794,9287,2021-03-25,,60,True,0.15,0.81,False,True,False,True,2025-Q1,True
SUP061,Erdogan İnonu Oto Yedek Parca San. Tic. Ltd. Şti.,Otomotiv Yan Sanayi,Kayseri,Medium,,60,6964016585,262410837.34,13256204.89,102,,1231.47,1213.22,1039.45,1415.59,97874,6546,2024-12-16,2026-06-05,45,False,0.09,0.4,False,True,False,True,2025-Q4,True
SUP032,Camurcuoglu Ambalaj Ltd. Şti.,Ambalaj,İstanbul,Small,2011,15,4171274842,,13954842.15,61,14,94.4,90.89,110.82,112.74,1035,38,2017-10-26,,90,False,0.1,0.38,False,True,True,True,2025-Q4,True
SUP042,Aksu Çetin Elektronik San. ve Tic. A.Ş.,Elektronik,Denizli,Medium,1976,83,1539502409,309698811.14,31453526.94,118,14,1017.61,,902.71,793.04,37336,6949,2019-04-17,2026-01-10,45,False,0.06,0.25,False,,False,True,2025-Q4,True
SUP074,Yüksel Kimya San. Tic. Ltd. Şti.,Kimya,Denizli,Medium,,75,3082677344,198303923.41,22552061.48,111,20,343.27,326.24,321.81,328.9,101248,9209,2017-11-24,2025-10-14,60,True,,,False,False,False,True,2025-Q1,True
SUP034,Çamurcuoğlu Şensoy Karton Tic.,Ambalaj,Şanlıurfa,Small,1994,41,1289517184,72774858.49,11337994.1,30,5,84.81,91.5,81.88,85.59,14747,822,2023-06-04,2026-07-29,90,,0.15,0.83,False,True,True,,2025-Q1,True
SUP065,İhsanoğlu Lojistik Ltd. Şti.,Lojistik,Trabzon,Small,1999,32,9414384245,96963815.25,9658586.51,49,6,83.64,89.29,82.56,100.03,10680,509,2023-11-22,2025-02-21,30,False,0.12,0.18,False,False,True,False,2025-Q4,True
SUP013,Kisakurek Makine Tic.,Makine İmalat,Bursa,Micro,,2,6869632261,4007551.85,852174.9,8,1,16.59,18.49,18.2,18.3,4941,103,2018-06-07,,30,False,,0.51,False,,False,True,2025-Q3,False
SUP034,Çamurcuoğlu Şensoy Karton Tic.,Ambalaj,Şanlıurfa,Small,1994,41,1289517184,,9664364.97,28,4,83.7,90.94,74.08,91.58,13097,780,2023-06-04,2026-07-29,90,True,0.16,0.77,True,True,True,True,2025-Q3,True
SUP083,Bilge Sakarya Plastik Tic.,Plastik ve Kauçuk,Adana,Small,,13,9668826348,38686101.16,4703897.95,52,13,332.65,319.69,321.28,312.28,6744,1403,2022-06-19,2026-05-24,45,False,0.12,,False,True,False,True,2025-Q1,True
SUP064,Bilge Elektronik Ltd. Şti.,Elektronik,Trabzon,Micro,2023,,9669125171,5193208.41,821923.68,30,6,57.99,53.23,52.52,48.83,1237,245,2021-03-15,2025-10-24,90,False,0.11,0.69,False,True,False,False,2025-Q1,True
SUP028,Şener Sezer Elektronik San. Tic. Ltd. Şti.,Elektronik,Kocaeli,Medium,1980,90,4281206799,,49799989.13,157,50,,475.14,477.78,489.23,76715,3384,2021-04-14,,90,True,0.21,0.29,False,False,False,False,2025-Q3,True
SUP058,Yorulmaz Kimya Ltd. Şti.,Kimya,İstanbul,Small,2007,25,7218518881,67505655.9,11274681.58,17,4,118.89,134.75,124.74,128.66,1282,204,2021-12-03,2025-03-14,30,False,0.13,0.31,False,True,False,True,2025-Q1,True
SUP078,Seven Akar Yapı San. ve Tic. A.Ş.,İnşaat Malzemeleri,Adana,Medium,1979,194,2088398224,781615470.97,94442790.6,121,2,1108.79,,1094.7,936.77,84782,2812,2024-09-26,2026-05-30,60,False,0.05,0.18,False,True,False,True,2025-Q4,True
SUP081,Şensoy Şensoy Kimya San. Tic. Ltd. Şti.,Kimya,Sakarya,Medium,1976,111,4119079036,481715226.76,32529276.49,124,27,937.65,1008.09,820.44,982.16,106206,9539,2017-08-12,,30,False,0.06,0.13,False,True,False,False,2025-Q4,True
SUP046,Gul Demir Tasimacilik Ltd. Şti.,Lojistik,Eskişehir,Micro,2022,5,1243550220,5953950.04,1739544.22,16,3,160.2,164.5,170.84,184.47,1041,27,2016-11-20,2026-02-20,90,False,0.19,0.22,False,True,False,True,2025-Q1,False
SUP051,Çamurcuoğlu Sakarya Plastik San. ve Tic. A.Ş.,Plastik ve Kauçuk,Gaziantep,Medium,2004,165,1054119980,973875757.79,55177474.11,113,34,380.12,434.87,420.66,393.59,103425,26555,2019-09-25,2025-10-09,90,False,0.31,0.77,False,True,False,True,2025-Q4,True
SUP052,Şener Zorlu Makine İmalat Ltd. Şti.,Makine İmalat,Tekirdağ,Small,1987,25,8788925540,61449101.78,4021888.22,11,1,434.91,395.49,448.34,323.22,8461,351,2021-10-08,2026-06-25,90,False,0.12,0.34,,True,False,True,2025-Q4,True
SUP063,Aksu San. ve Tic. A.Ş.,Otomotiv Yan Sanayi,Trabzon,Large,1978,609,6518844229,4123911786.84,316891944.71,229,95,1092.76,,1402.9,1240.03,807758,56623,2024-10-11,2025-11-11,60,,0.16,0.27,False,True,False,True,2025-Q4,True
SUP004,Şafak Türk Plastik Ltd. Şti.,Plastik ve Kauçuk,Gaziantep,Small,1988,17,3269166979,32196475.69,5198357.92,34,4,119.84,112.23,,117.68,2880,258,2018-03-04,,60,False,0.28,0.19,False,True,False,True,2025-Q3,True
SUP039,Yaman Karton Tic.,Ambalaj,Tekirdağ,Small,1985,26,9175496515,82380928.47,12011653.14,26,10,326.36,381.85,377.44,443.97,12251,473,2022-11-07,2025-02-27,45,False,0.11,0.54,False,True,False,True,2025-Q3,True
SUP073,Şama Taşımacılık Tic.,Lojistik,Kayseri,Small,2009,35,6240415740,98403426.68,19647064.74,29,7,401.17,396.48,387.71,397.05,4184,218,2017-03-24,2026-07-09,90,False,0.12,0.53,False,True,False,True,2025-Q1,True
SUP076,İhsanoğlu Nakliyat Ltd. Şti.,Lojistik,Sakarya,Micro,2012,,9516122752,1570144.23,155049.04,19,,43.63,35.98,36.93,38.93,2335,302,2018-12-11,2026-03-25,45,True,0.11,0.59,,False,True,True,2025-Q1,True
SUP017,Durmuş Makine San. Tic. Ltd. Şti.,Makine İmalat,Kocaeli,Medium,1990,171,2769367632,563906808.92,55607820.24,61,8,129.48,141.68,139.11,139.07,96356,17093,2023-02-18,2024-11-10,45,False,0.09,0.53,False,True,False,True,2025-Q1,True
SUP067,Akcay Firat Karton Ltd. Şti.,Ambalaj,Ankara,Micro,2017,2,6371473217,3731829.4,347435.58,18,4,102.48,106.21,114.57,105.96,4066,547,2023-01-17,2025-08-16,30,False,0.15,0.69,False,False,False,False,2025-Q1,True
SUP030,Alemdar Türk Yapı Ltd. Şti.,İnşaat Malzemeleri,Antalya,Small,2002,46,1278742962,49398297.72,8759979.63,29,9,210.36,227.05,256.93,244.91,9223,1705,2017-08-23,,,False,0.12,1.03,False,True,False,False,2025-Q2,True
SUP008,Dumanli Metal San. Tic. Ltd. Şti.,Metal ve Çelik,Konya,Medium,2003,85,7247317816,,78846448.8,94,33,595.9,608.29,583.47,591.6,63883,5329,2023-10-30,2025-02-28,30,False,0.17,0.67,False,True,False,,2025-Q1,True
SUP053,Arsoy Mobilya Tic.,Mobilya,Eskişehir,Small,1994,32,5629148653,40118441.25,4508512.49,13,0,284.12,266.62,279.53,284.68,12821,2467,2020-01-28,,45,False,0.17,0.89,False,True,False,True,2025-Q2,True
SUP074,Yüksel Kimya San. Tic. Ltd. Şti.,Kimya,Denizli,Medium,2005,75,3082677344,198303923.41,,126,,319.81,356.16,,326.62,105306,7394,2017-11-24,,60,True,,0.53,False,False,False,,2025-Q4,True
SUP048,Şafak Metal Ltd. Şti.,Metal ve Çelik,Mersin,Small,1993,26,5510762292,71063762.93,,35,2,146.95,136.99,160.75,142.77,2165,181,2018-08-04,2025-04-25,45,,0.25,0.65,False,False,True,False,2025-Q4,False
SUP044,Ertaş Plastik Ltd. Şti.,Plastik ve Kauçuk,İstanbul,Small,2011,,8661565458,44281395.89,6354000.82,48,6,297.76,359.45,313.06,,8810,186,2023-03-09,,45,False,0.22,0.28,False,True,False,True,2025-Q4,True
SUP078,Seven Akar Yapı San. ve Tic. A.Ş.,İnşaat Malzemeleri,Adana,Medium,1979,194,2088348224,781615470.97,95575391.76,129,2,1057.26,1122.59,1100.04,1073.4,81989,3074,2024-09-26,2026-05-30,60,False,0.06,,False,True,False,True,2025-Q1,False
SUP061,Erdoğan İnönü Oto Yedek Parça San. Tic. Ltd. Şti.,Otomotiv Yan Sanayi,Kayseri,Medium,2003,60,6964016585,262410837.34,,90,23,1170.4,1274.81,1177.49,1356.26,91779,5980,2024-12-16,2026-06-05,45,,0.1,,False,,,,2025-Q2,True
SUP029,Hayrioğlu Makine Tic.,Makine İmalat,İstanbul,Small,,27,3102499479,16406178.41,1251189.04,29,11,358.83,397.07,350.57,336.15,12025,722,2020-06-05,2026-02-23,30,False,0.1,0.15,False,True,,True,2025-Q3,True
SUP085,Safak Nakliyat Ltd. Şti.,Lojistik,Sakarya,Small,1987,46,4604899647,42368015.62,10931646.08,52,17,129.1,132.43,137.34,,5490,1001,2024-04-28,2024-12-27,45,False,0.19,0.45,,True,False,True,2025-Q3,False
SUP061,Erdoğan İnönü Oto Yedek Parça San. Tic. Ltd. Şti.,Otomotiv Yan Sanayi,,Medium,2003,60,6464016585,262410837.34,13416357.25,95,22,1156.56,1181.66,1217.37,1259.91,88964,6740,2024-12-16,2026-06-05,45,False,0.09,0.33,False,True,False,True,2025-Q1,False
SUP017,Durmuş Makine San. Tic. Ltd. Şti.,Makine İmalat,Kocaeli,Medium,,171,2769367632,563906808.92,57517284.05,60,8,129.95,151.53,132.53,143.88,91320,,2023-02-18,2024-11-10,45,False,0.08,0.47,False,True,False,True,2025-Q2,True
SUP018,Sener Mansiz Otomotiv Tic.,Otomotiv Yan Sanayi,Denizli,Micro,2019,6,8981872771,8139043.63,1707858.25,34,8,48.61,53.54,76.87,64.46,4205,617,2021-09-05,2026-06-16,60,False,,0.92,False,True,True,False,2025-Q4,False
SUP010,Şafak Mobilya Tic.,Mobilya,Kayseri,Micro,,1,2699854355,5545698.29,399618.77,20,5,194.38,,170.04,181.74,4261,554,2019-05-30,2026-03-06,45,False,0.25,,False,True,True,False,2025-Q2,True
SUP030,Alemdar Türk Yapı Ltd. Şti.,İnşaat Malzemeleri,Antalya,Small,2002,46,1278742962,49398297.72,8816638.88,28,10,199.0,244.87,266.77,237.04,8921,1985,2017-08-23,2025-03-06,,False,0.13,0.91,False,True,False,False,2025-Q3,True
SUP063,Aksu San. ve Tic. A.Ş.,Otomotiv Yan Sanayi,Trabzon,Large,1978,609,6518844229,4123911786.84,359792785.12,238,87,1212.79,1244.5,1240.54,1172.08,826942,61176,2024-10-11,2025-11-11,60,True,0.13,0.37,False,True,False,True,2025-Q2,True
SUP018,Şener Mansız Otomotiv Tic.,Otomotiv Yan Sanayi,Denizli,Micro,2019,6,8986872771,8139043.63,2106169.07,29,11,56.07,59.3,66.96,63.88,3582,538,2021-09-05,2026-06-16,60,False,0.25,0.98,False,True,False,False,2025-Q1,True
SUP025,Ülker Aslan Ambalaj San. ve Tic. A.Ş.,Ambalaj,Adana,Medium,2005,191,9568557440,528483799.71,57952443.16,111,31,314.77,298.45,299.32,284.4,109374,1827,2022-09-26,2025-02-19,60,True,0.14,0.21,,False,False,True,2025-Q1,True
SUP021,Arslan Çorlu Kauçuk Tic.,Plastik ve Kauçuk,Çorum,Small,2011,26,2708053107,22212953.85,3134795.86,12,7,226.96,286.25,279.93,232.64,2017,160,2020-07-27,2026-05-03,30,False,0.2,,True,True,False,True,2025-Q4,True
SUP059,Durdu Kaucuk Ltd. Şti.,Plastik ve Kauçuk,Konya,Small,2006,21,8722170439,,2388020.38,33,9,103.54,107.67,,108.26,6059,2091,2020-10-15,2026-07-23,30,False,0.17,0.49,False,True,False,True,2025-Q2,True
SUP053,Arsoy Mobilya Tic.,Mobilya,Eskişehir,Small,1994,32,5629148653,40118441.25,4163445.55,13,0,300.92,259.49,299.97,262.6,13942,3037,2020-01-28,2025-01-06,45,False,0.22,0.88,False,True,False,True,2025-Q3,True
SUP081,Şensoy Şensoy Kimya San. Tic. Ltd. Şti.,Kimya,Sakarya,Medium,,111,4119079036,481715226.76,32439130.09,115,23,956.79,961.5,827.65,1059.48,98370,11272,2017-08-12,2026-02-15,30,False,0.05,0.16,False,True,False,True,2025-Q3,True
SUP014,Akdeniz Ergül İnşaat Malzemeleri San. ve Tic. A.Ş.,İnşaat Malzemeleri,İstanbul,Large,1951,2953,4654145862,5908947316.98,206503713.04,227,1,930.74,1014.75,827.8,990.04,395127,47679,2018-05-03,,60,False,0.13,0.17,False,True,False,True,2025-Q4,True
SUP042,Aksu Çetin Elektronik San. ve Tic. A.Ş.,Elektronik,Denizli,Medium,1976,83,1539502409,309698811.14,31985947.57,114,18,960.89,988.83,839.05,800.32,35052,7854,2019-04-17,2026-01-10,,False,0.06,0.31,False,True,False,True,2025-Q3,True
SUP078,Seven Akar Yapi San. ve Tic. A.Ş.,İnşaat Malzemeleri,Adana,Medium,1979,194,2088398224,781615470.97,91480820.73,125,2,1173.61,1091.16,1126.67,1009.3,78034,2658,2024-09-26,2026-05-30,60,False,0.05,0.17,False,True,False,True,2025-Q3,True
SUP068,Yüksel Bilgin Mobilya Tic.,Mobilya,İzmir,Small,1986,15,7873395006,91207974.44,19679737.07,36,11,372.34,420.98,379.79,370.48,4885,534,2024-05-16,2024-12-12,60,False,0.22,0.52,True,True,False,,2025-Q2,True
SUP040,Çorlu İnönü Lojistik San. ve Tic. A.Ş.,Lojistik,Denizli,Medium,1981,110,9267586926,156895337.04,19876104.1,70,31,278.7,275.32,255.76,242.15,76196,4361,2025-05-12,2025-09-28,90,False,0.11,0.74,False,,False,True,2025-Q3,True
SUP020,Ülker Mobilya Ltd. Şti.,Mobilya,İzmir,Small,2012,,1656272985,78903511.85,8970053.14,54,12,,320.66,322.98,332.94,820,106,2017-11-16,2024-10-15,30,False,,0.62,True,True,False,,2025-Q1,True
SUP025,Ülker Aslan Ambalaj San. ve Tic. A.Ş.,Ambalaj,Adana,Medium,2005,,9568557440,528483799.71,51039894.38,102,26,331.85,280.87,315.05,295.6,114574,2348,2022-09-26,2025-02-19,60,True,0.15,0.16,False,False,False,True,2025-Q3,True
SUP080,Seven Ertaş Karton Tic.,Ambalaj,Manisa,Micro,,2,9251286820,7805234.59,2183501.15,6,2,94.08,102.67,108.82,106.0,2451,312,2022-09-20,2025-08-05,45,False,0.23,0.2,False,True,,True,2025-Q1,True
SUP067,Akçay Fırat Karton Ltd. Şti.,Ambalaj,Ankara,Micro,2017,2,6371473217,3731829.4,293784.14,17,4,,99.79,95.77,105.28,4741,572,2023-01-17,,,False,0.13,0.58,False,False,False,False,2025-Q4,True
SUP019,Akar Kimya San. Tic. Ltd. Şti.,Kimya,Manisa,Medium,1984,230,4146587605,664073593.28,32170143.79,138,7,,738.51,769.54,763.43,111931,356,2022-11-05,2025-12-02,45,False,0.13,0.64,False,True,False,True,2025-Q1,False
SUP056,İhsanoğlu Gıda San. ve Tic. A.Ş.,Gıda ve İçecek,Ankara,Medium,1984,161,2375060682,886705250.55,83522484.4,74,1,867.88,768.85,700.43,679.88,17143,2742,2017-01-09,2024-12-05,60,True,0.09,0.16,False,True,False,True,2025-Q2,True
SUP068,Yüksel Bilgin Mobilya Tic.,Mobilya,İzmir,Small,1986,,7373395006,91207974.44,20536986.76,34,8,415.54,382.98,359.15,419.03,5839,428,2024-05-16,2024-12-12,60,,,0.4,True,True,False,False,2025-Q4,False
SUP032,Çamurcuoğlu Ambalaj Ltd. Şti.,Ambalaj,İstanbul,Small,,15,4171274842,59429767.52,13911795.86,58,21,97.7,97.02,97.93,113.02,1345,56,2017-10-26,2025-02-20,90,False,0.11,0.54,False,True,True,True,2025-Q1,True
SUP073,Şama Taşımacılık Tic.,Lojistik,Kayseri,Small,2009,35,6240415740,98403426.68,16997429.68,29,8,411.17,369.24,397.02,364.64,3989,204,2017-03-24,2026-07-09,90,False,0.11,0.58,False,True,False,True,2025-Q3,True
SUP065,İhsanoğlu Lojistik Ltd. Şti.,Lojistik,Trabzon,Small,1999,32,9414384245,96963815.25,10556143.18,48,5,90.06,87.29,87.36,94.74,9978,430,2023-11-22,,30,,0.12,0.22,False,False,True,False,2025-Q3,True
SUP079,Ülker Şafak Plastik Tic.,Plastik ve Kauçuk,Gaziantep,Small,1986,35,5039106517,18184748.0,2498430.51,21,1,233.58,219.39,234.34,235.05,11357,1420,2018-04-19,2024-11-24,30,False,0.18,0.31,False,True,,True,2025-Q2,True
SUP077,Çetin Ambalaj Tic.,Ambalaj,Tekirdağ,Small,2017,29,2459332728,37175125.57,6859550.21,55,16,371.68,,378.28,342.63,4492,204,2024-09-25,2025-03-17,90,False,,0.51,True,True,False,False,2025-Q3,True
SUP064,Bilge Elektronik Ltd. Şti.,Elektronik,Trabzon,Micro,2023,8,9669125171,5193208.41,858781.49,32,7,56.49,49.95,56.41,46.02,1352,289,2021-03-15,2025-10-24,90,False,0.15,0.88,False,True,True,False,2025-Q2,True
SUP008,Dumanlı Metal San. Tic. Ltd. Şti.,Metal ve Çelik,Konya,Medium,2003,85,7247314816,756168264.51,78078572.6,97,23,636.34,591.71,578.6,,64988,5731,2023-10-30,2025-02-28,30,False,0.17,,False,True,False,True,2025-Q3,False
SUP060,Gül Metal San. ve Tic. A.Ş.,Metal ve Çelik,Balıkesir,Medium,,161,7765277583,833865472.59,,79,10,486.47,484.85,501.09,503.37,77552,13121,2018-01-12,,60,False,0.2,0.51,False,True,,True,2025-Q1,True
SUP027,Ertaş Kısakürek İçecek San. Tic. Ltd. Şti.,Gıda ve İçecek,Tekirdağ,Medium,2006,68,1229413184,885447761.5,78894992.3,132,4,699.95,679.94,659.44,669.4,97811,14405,2020-11-09,2025-01-14,90,False,,0.26,False,True,False,False,2025-Q2,True
SUP048,Şafak Metal Ltd. Şti.,Metal ve Çelik,Mersin,Small,,26,5510762262,71063762.93,10129021.84,34,2,,151.84,148.16,136.1,2142,184,2018-08-04,,45,False,0.24,0.73,False,False,False,,2025-Q2,True
SUP016,Demir Kimya Tic.,Kimya,Çorum,Micro,2000,5,5369957773,3598737.6,932657.92,21,7,,131.75,139.46,138.23,2633,95,2024-07-04,2025-10-31,45,False,0.17,0.3,False,False,False,,2025-Q1,True
SUP007,Şensoy Elektronik Tic.,Elektronik,Bursa,Small,2002,41,4829973768,62947784.66,5075180.32,24,2,,135.21,126.59,,1549,119,2020-01-28,2026-03-20,45,True,0.09,0.32,False,,False,True,2025-Q1,True
SUP043,Erdoğan Kısakürek Makine İmalat Tic.,Makine İmalat,Bursa,Small,1988,40,7617711595,42583507.64,6812975.22,15,3,216.82,175.71,175.68,204.54,7766,1177,2023-11-16,2025-12-17,45,True,0.06,0.25,False,True,False,,2025-Q4,True
SUP050,İnönü Kimyasal Ürünler Ltd. Şti.,Kimya,Adana,Small,2001,22,3921277997,80120608.17,4119469.68,49,23,108.09,96.59,83.82,105.72,6305,264,2021-03-04,2025-10-03,90,False,0.11,0.69,False,True,False,True,2025-Q3,True
SUP009,Bilge Yilmaz Konfeksiyon Tic.,Tekstil,Şanlıurfa,Small,,28,7872343098,24967999.95,3675439.08,16,2,376.63,357.1,,382.39,11611,1589,2021-06-04,2026-05-31,30,False,0.37,0.17,False,True,True,True,2025-Q2,True
SUP031,Aslan Yapi Tic.,İnşaat Malzemeleri,Kocaeli,Small,2005,17,7808760384,87195978.5,,31,3,288.69,248.5,245.07,254.3,5760,1147,2022-01-22,2025-07-18,60,False,0.28,0.24,False,True,False,True,2025-Q1,True
SUP023,Şener Karadeniz Kauçuk Ltd. Şti.,Plastik ve Kauçuk,Aydın,Small,2016,16,7572228493,98545991.64,19924006.54,48,17,69.37,66.79,63.84,66.06,13697,1421,2021-06-03,2025-08-28,90,,0.18,0.7,False,True,False,True,2025-Q1,False
SUP035,Eraslan Yaman Kauçuk Tic.,Plastik ve Kauçuk,Van,Micro,2015,9,1903431616,9707434.49,1312358.18,8,0,93.54,93.34,114.38,98.14,872,51,2024-07-01,,30,False,0.14,0.58,False,True,False,True,2025-Q4,False
SUP045,Bilge Otomotiv Tic.,Otomotiv Yan Sanayi,Eskişehir,Small,2012,13,5945198329,77013007.23,8924284.87,16,2,186.39,181.6,196.62,148.27,1968,,2020-12-20,2025-11-13,90,False,0.27,0.5,False,False,False,True,2025-Q4,True
SUP057,Karadeniz Sezgin Çelik Grup A.Ş.,Metal ve Çelik,Kocaeli,Large,,2770,1104328985,1693581870.75,99248674.27,214,50,1568.12,1589.19,1719.26,1732.18,109556,7462,2022-11-13,2026-07-24,90,True,0.03,0.36,False,True,False,True,2025-Q1,True
SUP016,Demir Kimya Tic.,Kimya,Çorum,Micro,2000,5,5369957773,3598737.6,986109.5,23,6,148.27,121.81,156.95,132.64,2691,82,2024-07-04,2025-10-31,45,False,0.16,0.17,False,False,False,False,2025-Q3,True
SUP011,Manco Plastik Tic.,Plastik ve Kauçuk,Kayseri,Micro,2002,4,6447849809,,548463.49,14,4,70.76,67.13,66.97,64.82,3845,754,2022-06-25,2025-04-13,60,False,0.12,0.34,False,True,False,False,2025-Q1,False
SUP060,Gül Metal San. ve Tic. A.Ş.,Metal ve Çelik,Balıkesir,Medium,1998,161,7765277583,833865472.59,69089314.29,65,11,522.07,463.22,436.49,472.46,75155,13243,2018-01-12,2024-11-15,60,False,,0.53,,True,False,False,2025-Q3,True
SUP070,Bilgin Yılmaz Demir Çelik Tic.,Metal ve Çelik,Gaziantep,Micro,2014,3,9259526940,3973260.55,426675.76,30,7,118.75,125.44,122.94,119.89,2846,101,2020-08-09,2025-12-11,,False,0.32,0.38,False,True,True,False,2025-Q3,True
SUP082,Gülen Elektrik Ltd. Şti.,Elektronik,Adana,Small,2018,24,7440892684,22612201.76,5620632.62,58,7,324.59,319.54,333.7,346.03,14651,1272,2018-05-14,2024-10-27,90,True,0.1,0.31,False,True,False,True,2025-Q1,True
SUP069,Yıldırım Plastik San. ve Tic. A.Ş.,Plastik ve Kauçuk,Denizli,Medium,1987,,9416878495,107359665.35,3007427.25,131,3,389.9,344.22,401.7,476.52,69315,9964,2017-10-12,2025-05-30,30,True,0.1,0.07,False,True,False,True,2025-Q4,True
SUP033,Şensoy Soylu Elektrik San. ve Tic. A.Ş.,Elektronik,Aydın,Large,1950,1408,5997278753,2334272596.64,124171627.28,326,15,721.08,720.3,751.36,759.08,678316,18935,2022-01-17,2025-02-22,60,True,0.14,0.26,False,True,False,,2025-Q3,True
SUP063,Aksu San. ve Tic. A.Ş.,Otomotiv Yan Sanayi,Trabzon,Large,1978,609,6518824229,,343481725.18,235,102,1181.86,1298.06,1330.82,,872185,46788,2024-10-11,2025-11-11,60,True,0.17,0.37,False,True,False,True,2025-Q3,False
SUP083,Bilge Sakarya Plastik Tic.,Plastik ve Kauçuk,Adana,Small,2014,13,9668826348,38686101.16,5046573.98,52,15,346.48,317.08,343.08,315.5,6926,1490,2022-06-19,2026-05-24,45,,0.13,0.32,False,,False,,2025-Q2,True
SUP051,Camurcuoglu Sakarya Plastik San. ve Tic. A.Ş.,Plastik ve Kauçuk,Gaziantep,Medium,2004,165,1054119980,973875757.79,55504544.99,116,,392.23,415.71,432.33,409.27,107868,22588,2019-09-25,2025-10-09,90,False,0.25,0.74,False,True,False,True,2025-Q3,True
SUP010,Şafak Mobilya Tic.,Mobilya,Kayseri,Micro,2007,1,2699854355,5545698.29,408794.78,18,6,197.39,183.63,170.46,174.24,3957,534,2019-05-30,2026-03-06,45,False,0.21,0.42,False,True,,False,2025-Q3,True
SUP008,Dumanlı Metal San. Tic. Ltd. Şti.,Metal ve Çelik,Konya,Medium,2003,85,7247317816,756168264.51,73779017.19,97,27,589.68,603.79,625.84,627.18,60860,5331,2023-10-30,2025-02-28,30,False,0.22,0.81,False,True,False,,2025-Q2,True
SUP070,Bilgin Yılmaz Demir Çelik Tic.,Metal ve Çelik,Gaziantep,Micro,2014,3,9259526940,3973260.55,370626.57,30,9,126.06,125.04,125.15,,2877,165,2020-08-09,2025-12-11,60,False,0.32,0.35,,True,True,False,2025-Q1,True
SUP068,Yüksel Bilgin Mobilya Tic.,Mobilya,İzmir,Small,1986,15,7873365006,91207974.44,20447080.59,33,10,398.99,400.83,368.5,398.02,5343,478,2024-05-16,2024-12-12,60,,0.22,0.55,True,True,False,False,2025-Q3,False
SUP012,Şama İçecek Tic.,Gıda ve İçecek,İzmir,Micro,,7,5005242782,7552958.5,771422.75,12,5,176.59,172.47,162.01,182.87,1060,213,2020-05-09,2026-04-26,90,False,0.24,,False,,True,True,2025-Q2,True
SUP031,Aslan Yapi Tic.,İnşaat Malzemeleri,Kocaeli,Small,,17,7808760384,87195978.5,8946860.84,35,4,315.39,255.97,216.55,226.67,5689,1125,2022-01-22,2025-07-18,60,False,,0.33,False,True,False,True,2025-Q4,True
SUP013,Kısakürek Makine Tic.,Makine İmalat,Bursa,Micro,2021,2,6869232261,4007551.85,811086.72,9,1,17.9,17.29,18.16,16.97,4899,118,2018-06-07,2024-11-21,30,False,0.14,0.55,False,False,,True,2025-Q2,True
SUP011,Manço Plastik Tic.,Plastik ve Kauçuk,Kayseri,Micro,,4,6427849809,7642712.68,493294.89,15,4,75.53,67.9,61.81,61.66,3821,976,,2025-04-13,60,False,0.07,0.29,False,,False,False,2025-Q3,True
SUP069,Yildirim Plastik San. ve Tic. A.Ş.,Plastik ve Kauçuk,Denizli,Medium,1987,142,9416878495,107359665.35,2689315.79,126,6,363.81,374.61,390.87,444.82,71680,8646,2017-10-12,2025-05-30,30,True,0.17,0.07,False,True,False,True,2025-Q1,True
SUP024,Arsoy Mobilya San. ve Tic. A.Ş.,Mobilya,Konya,Medium,1986,174,4545494842,847657917.0,18761048.0,74,27,989.53,925.32,1018.99,1072.89,52245,7364,2022-11-24,2025-01-14,45,True,0.08,,False,True,False,True,2025-Q1,False
SUP038,Zengin Gülen Plastik Tic.,Plastik ve Kauçuk,Kocaeli,Small,2008,18,2456232859,78001959.14,15510188.05,22,4,118.21,119.68,121.63,112.32,10672,1079,2023-12-25,2026-08-08,60,False,0.09,0.35,False,False,True,True,2025-Q1,True
SUP038,Zengin Gülen Plastik Tic.,Plastik ve Kauçuk,Kocaeli,Small,2008,18,2456232859,78001959.14,15108694.04,23,5,120.11,112.42,131.05,117.4,10346,1040,2023-12-25,2026-08-08,60,False,0.09,0.31,False,False,True,True,2025-Q2,True
SUP068,Yüksel Bilgin Mobilya Tic.,Mobilya,İzmir,Small,1986,15,7873395006,91207974.44,19059285.89,36,9,380.95,427.95,399.62,394.32,4567,546,2024-05-16,2024-12-12,60,False,0.21,0.5,False,True,False,False,2025-Q1,True
SUP017,Durmuş Makine San. Tic. Ltd. Şti.,Makine İmalat,Kocaeli,Medium,1990,,2769267632,563906808.92,59734187.14,65,6,135.12,160.72,139.46,143.63,88240,14920,2023-02-18,2024-11-10,45,False,,,False,True,False,,2025-Q4,False
SUP069,Yildirim Plastik San. ve Tic. A.Ş.,Plastik ve Kauçuk,Denizli,Medium,1987,142,9416878495,107359665.35,2904746.68,128,5,379.24,357.06,373.11,471.13,69222,7122,2017-10-12,2025-05-30,30,True,0.12,0.08,False,True,False,True,2025-Q2,True
SUP041,Demir Mobilya San. Tic. Ltd. Şti.,Mobilya,Sakarya,Medium,1982,166,2390053293,433476962.86,31184906.67,83,26,78.87,94.9,88.37,87.58,48445,7437,2017-06-29,2026-07-10,45,True,,0.27,False,True,False,True,2025-Q2,True
SUP062,Ülker Mobilya Tic.,Mobilya,Van,Micro,2002,3,9565431027,1138716.95,333168.02,25,15,16.72,15.32,16.55,15.62,3820,539,2018-10-31,2024-12-18,90,False,0.25,0.41,False,True,False,True,2025-Q2,True
SUP026,Şener Aksu Demir Çelik San. ve Tic. A.Ş.,Metal ve Çelik,Çorum,Medium,1987,125,4524082408,,,52,8,553.21,662.97,551.73,616.59,107027,12666,,,30,False,0.27,0.23,False,True,False,True,2025-Q3,True
SUP002,Bilgin Yaman Çelik Ltd. Şti.,Metal ve Çelik,Çorum,Micro,2020,6,4103413163,3910304.11,557732.64,8,3,80.7,83.47,72.25,84.2,893,60,2021-05-15,2025-03-19,60,False,0.16,0.37,False,False,False,False,2025-Q2,True
SUP033,Şensoy Soylu Elektrik San. ve Tic. A.Ş.,Elektronik,Aydın,Large,1950,1408,5997278753,2334272596.64,135159382.31,341,15,767.01,673.41,762.66,772.88,675974,14495,2022-01-17,2025-02-22,60,True,0.11,0.33,False,True,False,True,2025-Q4,True
SUP079,Ülker Şafak Plastik Tic.,Plastik ve Kauçuk,Gaziantep,Small,1986,35,5035106517,,2394540.73,21,1,230.43,231.32,,,10291,1605,2018-04-19,,30,False,0.16,0.32,False,True,False,True,2025-Q3,False
SUP034,Çamurcuoğlu Şensoy Karton Tic.,Ambalaj,Şanlıurfa,Small,1994,41,1289517184,72774858.49,10321260.56,29,4,86.78,87.52,71.49,87.73,11917,808,2023-06-04,2026-07-29,,True,0.13,0.71,True,True,True,True,2025-Q4,True
SUP073,Şama Taşımacılık Tic.,Lojistik,Kayseri,Small,2009,35,6240415740,98403426.68,18055989.79,31,8,382.88,393.41,370.87,386.82,4145,209,2017-03-24,2026-07-09,90,False,0.11,0.59,False,True,False,True,2025-Q2,True
SUP004,Şafak Türk Plastik Ltd. Şti.,Plastik ve Kauçuk,Gaziantep,Small,1988,17,3269166979,32196475.69,5136080.99,36,5,112.81,121.08,103.32,118.25,2597,277,2018-03-04,2025-12-12,60,False,0.31,0.2,False,True,False,True,2025-Q4,True
SUP084,Akar Ambalaj Tic.,Ambalaj,Denizli,Micro,2009,1,4317393637,8379359.71,587498.36,15,2,106.78,103.75,109.79,123.13,784,100,2020-12-03,2025-02-05,60,False,0.21,0.34,False,True,True,False,2025-Q2,True
SUP064,Bilge Elektronik Ltd. Şti.,Elektronik,Trabzon,Micro,2023,,9669125171,,881779.81,33,6,57.56,52.33,58.33,42.94,1259,320,2021-03-15,2025-10-24,90,False,,0.78,False,False,True,False,2025-Q3,True
SUP047,Şensoy Şama İplik San. Tic. Ltd. Şti.,Tekstil,Adana,Medium,1985,243,1147679763,438574965.13,34129764.21,45,12,748.29,686.68,702.67,657.85,102914,8123,2021-03-25,,60,True,0.19,,False,True,False,True,2025-Q4,True
SUP002,Bilgin Yaman Çelik Ltd. Şti.,Metal ve Çelik,Çorum,Micro,2020,6,4103413163,3910304.11,603002.5,8,4,82.1,79.57,77.94,75.12,848,67,2021-05-15,2025-03-19,60,False,0.13,0.43,False,True,False,False,2025-Q4,True
SUP045,Bilge Otomotiv Tic.,Otomotiv Yan Sanayi,Eskişehir,Small,,13,5945198329,77013007.23,9125569.65,14,2,,179.01,192.67,154.78,2134,344,2020-12-20,2025-11-13,90,False,0.19,0.36,False,False,False,,2025-Q2,True
SUP039,Yaman Karton Tic.,Ambalaj,Tekirdağ,Small,1985,,9165496515,82380928.47,10959374.28,28,9,337.06,358.16,376.81,383.21,12731,411,2022-11-07,2025-02-27,45,False,0.09,0.57,False,True,False,True,2025-Q1,False
SUP001,Korutürk Tekstil San. Tic. Ltd. Şti.,Tekstil,Manisa,Medium,,,4863794023,225584135.67,6243792.08,124,23,307.18,291.53,299.37,301.51,47491,,2018-08-02,,90,,0.03,0.28,False,False,False,False,2025-Q4,True
SUP069,Yıldırım Plastik San. ve Tic. A.Ş.,Plastik ve Kauçuk,Denizli,Medium,1987,142,9416878495,107359665.35,2882451.14,125,4,383.11,362.33,375.83,484.83,69916,8735,2017-10-12,2025-05-30,30,True,0.13,0.08,False,True,False,True,2025-Q3,True
SUP006,Yildirim Otomotiv Ltd. Şti.,Otomotiv Yan Sanayi,Kocaeli,Small,1995,26,9963834653,82609732.43,7840892.49,31,27,405.5,362.42,360.91,380.16,14267,3850,2025-04-16,,90,False,0.16,0.51,False,True,False,True,2025-Q3,True
SUP028,Şener Sezer Elektronik San. Tic. Ltd. Şti.,Elektronik,Kocaeli,Medium,1980,90,4281206799,917653939.86,49757640.11,150,44,468.2,482.82,472.47,514.36,75907,4301,2021-04-14,,90,,0.18,0.33,False,,False,False,2025-Q2,True
SUP020,Ülker Mobilya Ltd. Şti.,Mobilya,İzmir,Small,2012,41,1656272985,78903511.85,8749087.29,58,11,,292.23,301.07,325.35,968,73,2017-11-16,2024-10-15,30,False,0.36,0.78,True,True,False,False,2025-Q4,True
SUP058,Yorulmaz Kimya Ltd. Şti.,Kimya,İstanbul,Small,2007,,7218518881,67505655.9,12873592.94,16,3,127.95,134.11,130.28,122.71,1292,165,2021-12-03,2025-03-14,,False,0.14,0.4,False,False,False,True,2025-Q3,True
SUP033,Şensoy Soylu Elektrik San. ve Tic. A.Ş.,Elektronik,,Large,1950,1408,5997278753,2334272596.64,114716166.51,357,18,756.5,741.04,732.35,756.0,704560,22633,2022-01-17,,60,True,0.15,0.29,False,True,False,True,2025-Q2,True
SUP064,Bilge Elektronik Ltd. Şti.,Elektronik,Trabzon,Micro,2023,8,9669125171,5193208.41,810398.35,35,6,58.16,56.33,59.92,41.83,1265,352,2021-03-15,2025-10-24,90,False,0.18,0.67,False,False,True,False,2025-Q4,True
SUP073,Şama Taşımacılık Tic.,Lojistik,Kayseri,Small,2009,35,6240415740,98403426.68,17565678.36,32,8,423.95,358.75,372.59,356.02,3973,211,2017-03-24,,90,False,,0.66,False,True,False,True,2025-Q4,True
SUP071,Şener Ambalaj Tic.,Ambalaj,Mersin,Small,1999,13,8289623090,83417394.99,8203978.71,58,0,,137.56,154.66,150.01,10159,,2017-11-25,2026-03-13,30,False,0.25,0.46,False,True,False,True,2025-Q3,True
SUP053,Arsoy Mobilya Tic.,Mobilya,Eskişehir,Small,1994,32,5629148653,40118441.25,4154766.51,13,0,307.4,238.93,289.1,273.57,13018,3439,2020-01-28,2025-01-06,45,,0.25,0.66,False,True,False,,2025-Q4,True
SUP080,Seven Ertaş Karton Tic.,Ambalaj,Manisa,Micro,2012,2,9251286820,7805234.59,2216585.19,6,2,87.64,108.61,100.85,97.84,2657,368,2022-09-20,2025-08-05,45,False,0.24,0.22,False,,False,False,2025-Q2,True
SUP027,Ertaş Kısakürek İçecek San. Tic. Ltd. Şti.,Gıda ve İçecek,Tekirdağ,Medium,2006,68,1229413184,885447761.5,84927926.31,119,5,700.56,730.71,629.38,653.64,89019,14368,2020-11-09,2025-01-14,90,False,0.13,0.26,False,True,False,False,2025-Q3,True
SUP054,Öcalan Makine İmalat San. Tic. Ltd. Şti.,Makine İmalat,Kayseri,Medium,,,5188805923,703410436.07,50408025.24,137,44,159.19,151.54,168.99,166.78,84274,6655,2019-06-10,2025-11-02,90,True,,0.64,True,True,False,True,2025-Q3,True
SUP070,Bilgin Yılmaz Demir Çelik Tic.,Metal ve Çelik,Gaziantep,Micro,2014,3,9259526940,3973260.55,388544.0,31,7,116.27,130.84,119.9,115.9,2690,128,2020-08-09,2025-12-11,60,False,0.32,0.4,False,True,True,False,2025-Q2,True
SUP056,İhsanoğlu Gıda San. ve Tic. A.Ş.,Gıda ve İçecek,Ankara,Medium,1984,161,2375060682,886705250.55,87202711.09,70,1,932.66,,699.38,643.79,18154,2289,2017-01-09,2024-12-05,60,True,,0.21,False,True,True,True,2025-Q3,True
SUP003,Korutürk Gıda San. ve Tic. A.Ş.,Gıda ve İçecek,Sakarya,Medium,2010,106,6030564132,340280039.84,48024280.86,87,24,279.11,289.36,,324.43,56566,11771,2018-06-08,2026-02-17,60,True,0.09,0.32,False,True,False,True,2025-Q1,True
SUP031,Aslan Yapı Tic.,İnşaat Malzemeleri,Kocaeli,Small,2005,17,7808760384,87195978.5,9417951.01,33,,307.04,258.19,244.08,244.5,5469,1226,,2025-07-18,60,False,0.29,0.26,False,True,False,True,2025-Q2,True
SUP014,Akdeniz Ergül İnşaat Malzemeleri San. ve Tic. A.Ş.,İnşaat Malzemeleri,İstanbul,Large,1951,2953,4654145862,5908947316.98,201556802.69,237,1,957.19,1006.2,898.54,1039.84,390148,52862,2018-05-03,2025-06-15,60,False,0.13,0.16,False,True,False,True,2025-Q3,True
SUP055,Hayrioğlu Soylu Makine İmalat Ltd. Şti.,Makine İmalat,Gaziantep,Micro,2015,4,6977468862,915078.07,128402.17,28,9,130.21,,147.12,138.43,1538,74,2016-09-13,2025-12-19,45,False,0.3,0.72,False,True,False,True,2025-Q3,True
SUP036,Durmus Tekstil San. Tic. Ltd. Şti.,Tekstil,Manisa,Medium,1990,177,3374740742,364030998.37,23514667.56,48,4,927.69,935.61,840.73,745.26,48865,10577,2020-11-20,2026-04-11,45,True,0.21,0.19,False,True,False,True,2025-Q2,True
SUP008,Dumanli Metal San. Tic. Ltd. Şti.,Metal ve Çelik,Konya,Medium,2003,85,7247317816,756168264.51,78649558.33,88,26,637.01,603.88,578.7,661.34,67611,4534,,2025-02-28,30,False,0.18,0.61,,True,False,,2025-Q4,True
SUP040,Corlu İnonu Lojistik San. ve Tic. A.Ş.,Lojistik,Denizli,Medium,1981,110,9267586926,156895337.04,19255449.61,71,35,298.3,,258.33,,72936,4439,2025-05-12,2025-09-28,90,False,0.11,0.69,False,True,False,False,2025-Q4,True
SUP043,Erdoğan Kısakürek Makine İmalat Tic.,Makine İmalat,Bursa,Small,,40,7617711595,42583507.64,6400717.16,14,3,210.76,194.62,188.78,196.32,7794,1266,2023-11-16,,45,True,0.08,0.42,False,True,False,True,2025-Q2,True
SUP075,Soylu Bilir Otomotiv Tic.,Otomotiv Yan Sanayi,Tekirdağ,Micro,2023,5,1049915474,7517521.96,,25,0,56.99,53.85,50.26,51.97,4803,632,2021-06-06,2026-02-11,90,False,0.12,0.35,True,True,False,True,2025-Q1,True
SUP030,Alemdar Türk Yapı Ltd. Şti.,İnşaat Malzemeleri,Antalya,Small,2002,46,1278742962,49398297.72,7981187.41,27,9,226.67,236.54,243.37,246.63,8699,1573,2017-08-23,2025-03-06,90,False,0.11,0.81,False,True,False,,2025-Q1,True
SUP084,Akar Ambalaj Tic.,Ambalaj,Denizli,Micro,2009,1,4317393637,8379359.71,548521.17,16,2,110.12,,118.17,116.92,857,85,2020-12-03,2025-02-05,60,False,0.19,0.33,False,True,True,False,2025-Q1,True
SUP028,Şener Sezer Elektronik San. Tic. Ltd. Şti.,Elektronik,Kocaeli,Medium,1980,90,4281206799,917653939.86,46388728.58,168,62,448.89,508.74,469.8,,73673,2769,2021-04-14,2026-08-29,90,True,0.27,0.34,False,False,False,False,2025-Q4,True
SUP023,Şener Karadeniz Kauçuk Ltd. Şti.,Plastik ve Kauçuk,Aydın,Small,2016,16,7572628493,,18817960.05,51,20,72.82,64.3,66.78,61.92,14717,,2021-06-03,2025-08-28,90,False,0.21,0.68,False,True,True,True,2025-Q2,True
SUP024,Arsoy Mobilya San. ve Tic. A.Ş.,Mobilya,Konya,Medium,1986,174,4545494802,847657917.0,18832478.88,71,28,1033.24,1016.55,982.67,1119.5,49043,11222,2022-11-24,2025-01-14,45,True,0.13,,False,True,False,True,2025-Q3,True
SUP025,Ülker Aslan Ambalaj San. ve Tic. A.Ş.,Ambalaj,Adana,Medium,,,9668557440,528483799.71,54075652.23,105,23,348.64,299.62,292.66,319.08,108144,,2022-09-26,2025-02-19,60,True,0.14,0.19,False,False,False,True,2025-Q4,False
SUP049,Yılmaz Demir Çelik San. ve Tic. A.Ş.,Metal ve Çelik,Tekirdağ,Medium,1976,133,3975161368,,1803053.07,47,13,912.74,1015.46,1033.39,1059.73,67638,5478,2019-05-20,2025-08-28,90,False,0.25,0.11,False,True,False,,2025-Q2,True
SUP015,Türk Gül Kimya Tic.,Kimya,Sakarya,Micro,2008,1,7088356159,3021930.44,225262.38,10,,171.46,,225.14,231.24,4837,1131,2021-03-11,,60,False,0.11,0.45,False,True,True,True,2025-Q3,True
SUP075,Soylu Bilir Otomotiv Tic.,Otomotiv Yan Sanayi,Tekirdağ,Micro,2023,5,1049915474,7517521.96,2307740.06,28,0,51.45,55.52,45.63,54.06,4437,560,2021-06-06,,90,False,0.12,0.48,,True,False,True,2025-Q3,True
SUP045,Bilge Otomotiv Tic.,Otomotiv Yan Sanayi,Eskişehir,Small,2012,13,5945198329,,8624094.38,15,2,182.15,184.81,178.56,164.84,2027,,2020-12-20,2025-11-13,90,False,0.23,0.35,False,False,False,True,2025-Q1,True
SUP058,Yorulmaz Kimya Ltd. Şti.,Kimya,İstanbul,Small,2007,25,7218518881,67505655.9,11879783.88,17,3,,126.32,137.17,114.95,1349,133,2021-12-03,,30,False,0.1,,False,False,False,True,2025-Q4,True
SUP066,Hançer Gülen Mobilya Tic.,Mobilya,Diyarbakır,Micro,,7,1784473642,7346011.3,1700907.74,9,5,145.01,,142.95,160.22,1502,82,2020-02-11,,90,False,0.2,,False,True,False,False,2025-Q1,True
SUP084,Akar Ambalaj Tic.,Ambalaj,Denizli,Micro,2009,1,4317393637,8379359.71,640403.07,15,2,113.27,97.0,110.06,118.76,852,93,2020-12-03,2025-02-05,,False,0.19,0.24,,True,True,False,2025-Q3,True
SUP001,Korutürk Tekstil San. Tic. Ltd. Şti.,Tekstil,Manisa,Medium,1976,193,4863794023,225584135.67,,138,29,310.8,,329.98,289.41,49660,5234,,2024-09-29,90,True,0.04,0.34,False,False,False,False,2025-Q2,True
SUP017,Durmuş Makine San. Tic. Ltd. Şti.,Makine İmalat,Kocaeli,Medium,1990,171,2769367632,563906808.92,56344323.1,61,8,133.67,162.41,129.82,149.94,92670,16441,2023-02-18,2024-11-10,45,False,0.08,0.4,False,True,False,True,2025-Q3,True
SUP071,Şener Ambalaj Tic.,Ambalaj,Mersin,Small,,13,8289623090,83417394.99,9262560.61,55,0,129.39,130.82,,160.13,9722,202,2017-11-25,2026-03-13,30,False,0.23,0.68,False,True,False,,2025-Q1,True
SUP075,Soylu Bilir Otomotiv Tic.,Otomotiv Yan Sanayi,Tekirdağ,Micro,2023,5,1049915474,7517521.96,2452024.81,27,0,55.64,54.52,47.95,53.27,4538,508,2021-06-06,2026-02-11,90,,0.11,,True,True,False,True,2025-Q2,True
SUP013,Kısakürek Makine Tic.,Makine İmalat,Bursa,Micro,2021,2,6869232261,4007551.85,864659.48,9,1,16.61,18.48,18.45,17.42,4569,135,2018-06-07,2024-11-21,30,False,,,,False,False,,2025-Q1,True
SUP036,Durmuş Tekstil San. Tic. Ltd. Şti.,Tekstil,Manisa,Medium,1990,177,3374740742,364030998.37,22743838.64,45,4,,872.82,883.21,807.2,52516,13008,2020-11-20,2026-04-11,45,True,0.21,0.23,False,True,,True,2025-Q1,True
SUP029,Hayrioğlu Makine Tic.,Makine İmalat,İstanbul,Small,1994,27,3102499479,16406178.41,1334695.73,28,13,373.42,363.46,354.14,342.39,12017,828,2020-06-05,2026-02-23,30,False,0.19,,False,True,False,True,2025-Q1,True
SUP001,Korutürk Tekstil San. Tic. Ltd. Şti.,Tekstil,Manisa,Medium,1976,193,4863794023,225584135.67,5719820.21,136,29,293.83,293.43,318.52,285.19,48055,5490,2018-08-02,2024-09-29,90,True,0.04,0.25,False,,,False,2025-Q3,True
SUP058,Yorulmaz Kimya Ltd. Şti.,Kimya,İstanbul,Small,2007,25,7218518881,67505655.9,12114824.02,16,4,126.9,145.47,129.67,127.3,1179,218,2021-12-03,2025-03-14,30,False,0.12,0.34,False,False,False,,2025-Q2,True
SUP076,İhsanoğlu Nakliyat Ltd. Şti.,Lojistik,Sakarya,Micro,2012,7,9516122752,1570144.23,148369.83,20,5,44.12,35.4,36.11,41.78,2558,280,2018-12-11,2026-03-25,45,True,0.13,0.48,False,True,True,True,2025-Q3,True
SUP047,Şensoy Şama İplik San. Tic. Ltd. Şti.,Tekstil,Adana,Medium,1985,243,1147679763,438574965.13,33279128.46,48,14,723.35,649.81,689.3,735.17,113999,9868,2021-03-25,2026-04-29,60,True,0.18,0.78,False,True,False,True,2025-Q2,True
SUP023,Şener Karadeniz Kauçuk Ltd. Şti.,Plastik ve Kauçuk,,Small,2016,16,7572628493,98545991.64,21292804.01,47,18,64.96,65.53,66.97,63.75,15768,2031,2021-06-03,2025-08-28,90,False,0.29,0.95,True,False,True,True,2025-Q4,True
SUP052,Şener Zorlu Makine İmalat Ltd. Şti.,Makine İmalat,Tekirdağ,Small,1987,25,8788925540,61449101.78,4388245.18,12,1,410.98,402.92,389.6,390.73,7868,413,2021-10-08,2026-06-25,90,False,,0.32,False,True,False,True,2025-Q1,True
SUP011,Manço Plastik Tic.,Plastik ve Kauçuk,Kayseri,Micro,2002,4,6227849809,7642712.68,518859.05,15,4,70.06,67.32,62.91,61.96,3720,787,2022-06-25,2025-04-13,60,,0.1,0.25,False,True,False,,2025-Q2,False
SUP006,Yıldırım Otomotiv Ltd. Şti.,Otomotiv Yan Sanayi,Kocaeli,Small,1995,26,9963834653,,8464890.41,33,29,,363.45,361.46,395.24,13684,2993,2025-04-16,2025-12-21,90,False,0.2,0.51,False,True,False,True,2025-Q4,True
SUP009,Bilge Yılmaz Konfeksiyon Tic.,Tekstil,Şanlıurfa,Small,2014,28,7872343098,24967999.95,3389627.28,16,2,351.27,343.15,369.5,385.38,12139,1611,2021-06-04,2026-05-31,30,False,0.33,0.15,False,True,True,True,2025-Q3,True
SUP035,Eraslan Yaman Kauçuk Tic.,Plastik ve Kauçuk,Van,Micro,2015,9,1913431616,9707434.49,1339833.52,8,0,101.22,98.53,118.32,105.18,816,56,2024-07-01,,30,False,0.14,0.53,False,True,False,True,2025-Q3,True
SUP039,Yaman Karton Tic.,Ambalaj,Tekirdağ,Small,1985,26,9175496515,82380928.47,11043044.51,29,10,348.24,354.46,390.91,411.75,12146,474,2022-11-07,2025-02-27,45,False,0.09,,False,True,False,True,2025-Q2,True
SUP042,Aksu Çetin Elektronik San. ve Tic. A.Ş.,Elektronik,Denizli,Medium,1976,83,1539502409,309698811.14,36671932.02,115,15,941.81,981.07,918.63,726.77,38305,8482,2019-04-17,2026-01-10,45,False,0.09,0.51,False,True,,True,2025-Q1,True
SUP005,Bilir Bilgin Tekstil San. ve Tic. A.Ş.,Tekstil,Van,Medium,1986,179,2489325281,896309605.12,99377230.55,139,17,179.07,166.65,173.79,174.72,98805,5600,2017-03-14,2024-11-21,30,False,0.12,0.36,False,True,False,True,2025-Q2,True
SUP011,Manço Plastik Tic.,Plastik ve Kauçuk,Kayseri,Micro,2002,4,6427849809,7642712.68,488874.75,16,3,79.24,65.42,,63.75,3880,,2022-06-25,2025-04-13,60,False,0.06,0.29,False,True,False,False,2025-Q4,True
SUP037,Zengin Grup A.Ş.,Mobilya,Ankara,Large,1994,1459,1640909745,5832194587.22,234945359.96,280,4,5155.68,5474.36,4924.29,5256.51,776393,93847,2021-02-28,2026-04-13,45,True,0.02,0.1,False,True,False,True,2025-Q3,True
SUP052,Şener Zorlu Makine İmalat Ltd. Şti.,Makine İmalat,Tekirdağ,Small,1987,25,8788925540,61449101.78,4159439.85,11,1,439.1,398.93,401.96,367.06,8613,435,2021-10-08,,90,False,0.09,0.33,False,True,False,True,2025-Q2,True
SUP027,Ertaş Kısakürek İçecek San. Tic. Ltd. Şti.,Gıda ve İçecek,Tekirdağ,Medium,2006,68,1229413184,885447761.5,80017020.57,121,4,657.57,667.6,681.13,,108669,16123,2020-11-09,,90,False,0.11,0.24,False,True,False,False,2025-Q1,True
SUP079,Ülker Şafak Plastik Tic.,Plastik ve Kauçuk,Gaziantep,Small,1986,35,5039106517,18184748.0,2314028.38,20,1,,228.21,235.31,205.04,9717,1375,2018-04-19,2024-11-24,30,False,0.14,0.27,False,True,False,True,2025-Q4,True
SUP057,Karadeniz Sezgin Çelik Grup A.Ş.,Metal ve Çelik,Kocaeli,Large,1978,2770,1104328985,1693581870.75,106381521.35,199,49,1685.84,1548.14,1772.27,1773.71,117264,8777,2022-11-13,,90,True,0.03,0.32,False,,True,True,2025-Q2,True
SUP029,Hayrioğlu Makine Tic.,Makine İmalat,İstanbul,Small,1994,27,3102499479,16406178.41,1157937.51,30,13,375.31,379.49,355.56,318.69,11560,790,2020-06-05,2026-02-23,30,False,0.12,0.19,False,True,False,True,2025-Q4,True
SUP005,Bilir Bilgin Tekstil San. ve Tic. A.Ş.,Tekstil,Van,Medium,1986,179,2489325281,896309605.12,103185753.82,127,16,177.45,161.87,,167.33,104466,7310,2017-03-14,2024-11-21,30,False,0.13,0.44,False,,False,,2025-Q1,True
SUP001,Korutürk Tekstil San. Tic. Ltd. Şti.,Tekstil,Manisa,Medium,1976,,4863794023,225584135.67,5492821.36,134,,322.41,313.4,317.95,281.45,46048,6596,2018-08-02,2024-09-29,90,True,0.05,,False,True,False,False,2025-Q1,True
SUP050,İnönü Kimyasal Ürünler Ltd. Şti.,Kimya,Adana,Small,2001,22,3921276997,80120608.17,3920624.4,51,23,114.06,101.85,88.87,100.33,5798,215,2021-03-04,,90,False,0.13,0.8,False,True,False,True,2025-Q4,False
SUP037,Zengin Grup A.Ş.,Mobilya,Ankara,Large,1994,1459,1640909745,5832194587.22,215160848.48,299,5,,5505.47,5213.36,5235.34,835656,92733,2021-02-28,2026-04-13,45,True,0.02,0.11,False,True,False,True,2025-Q4,True
SUP070,Bilgin Yilmaz Demir Çelik Tic.,Metal ve Çelik,Gaziantep,Micro,2014,3,9259526940,3973260.55,455588.68,30,8,127.42,118.11,,120.47,2589,123,2020-08-09,,60,False,0.32,0.38,False,True,True,False,2025-Q4,True
SUP016,Demir Kimya Tic.,Kimya,Çorum,Micro,2000,5,4369957773,3598737.6,965340.6,21,7,145.08,124.53,149.74,128.94,2468,100,2024-07-04,2025-10-31,45,False,0.14,0.23,False,False,False,False,2025-Q2,False
SUP057,Karadeniz Sezgin Çelik Grup A.Ş.,Metal ve Çelik,Kocaeli,Large,1978,2770,1104328985,1693581870.75,95937865.74,213,,1731.21,1613.62,1747.43,1870.92,110965,9686,2022-11-13,2026-07-24,90,True,0.03,0.3,False,True,True,True,2025-Q3,True
SUP023,Şener Karadeniz Kauçuk Ltd. Şti.,Plastik ve Kauçuk,Aydın,Small,2016,16,7572628493,98545991.64,20107103.24,51,,68.96,68.84,63.09,63.49,15366,1764,2021-06-03,,90,False,0.22,0.81,True,False,True,True,2025-Q3,True
SUP038,Zengin Gülen Plastik Tic.,Plastik ve Kauçuk,Kocaeli,Small,,18,2456232859,78001959.14,16356453.19,24,5,133.79,113.58,133.87,133.99,10272,1023,2023-12-25,2026-08-08,60,False,0.11,0.3,False,False,True,True,2025-Q4,True
SUP049,Yılmaz Demir Çelik San. ve Tic. A.Ş.,Metal ve Çelik,Tekirdağ,Medium,1976,133,3975161398,138072035.41,1916928.95,49,12,873.94,969.52,1093.53,984.52,67691,4901,2019-05-20,2025-08-28,90,,0.28,0.1,False,True,False,True,2025-Q3,False
SUP044,Ertaş Plastik Ltd. Şti.,Plastik ve Kauçuk,İstanbul,Small,2011,31,8661565458,44281395.89,6520312.12,44,5,308.93,341.76,312.8,308.8,9527,243,2023-03-09,2025-12-16,45,False,0.21,0.35,False,True,False,True,2025-Q3,True
SUP019,Akar Kimya San. Tic. Ltd. Şti.,Kimya,Manisa,Medium,1984,230,4166587605,664073593.28,30705425.64,147,6,696.13,790.37,724.51,716.46,103134,365,,2025-12-02,45,False,0.14,0.72,False,True,False,True,2025-Q2,True
SUP002,Bilgin Yaman Çelik Ltd. Şti.,Metal ve Çelik,Çorum,Micro,2020,6,4103413163,3910304.11,579872.39,8,4,,81.24,73.21,79.37,866,74,2021-05-15,2025-03-19,60,,0.15,0.39,False,False,False,False,2025-Q3,True
SUP014,Akdeniz Ergül İnşaat Malzemeleri San. ve Tic. A.Ş.,İnşaat Malzemeleri,İstanbul,Large,1951,2953,4654145862,5908947316.98,185790252.91,243,1,921.32,946.44,915.14,966.58,390444,52928,2018-05-03,2025-06-15,60,False,0.13,0.14,False,True,False,,2025-Q2,True
SUP037,Zengin Grup A.Ş.,Mobilya,Ankara,Large,1994,1459,1640909745,5832194587.22,228987624.48,253,6,4865.89,4768.12,5333.16,5318.03,749975,87186,2021-02-28,,,True,0.01,0.1,False,True,False,True,2025-Q1,True
SUP046,Gül Demir Taşımacılık Ltd. Şti.,Lojistik,Eskişehir,Micro,2022,5,1244540220,5953950.04,1752042.78,16,3,175.49,,180.74,189.72,958,34,2016-11-20,2026-02-20,90,False,0.14,0.18,,True,False,True,2025-Q3,False
SUP062,Ülker Mobilya Tic.,Mobilya,Van,Micro,2002,3,9565431027,1138716.95,322888.44,26,13,16.44,15.69,16.2,15.32,3689,485,2018-10-31,2024-12-18,90,False,,0.38,False,True,False,True,2025-Q1,True
SUP066,Hançer Gülen Mobilya Tic.,Mobilya,Diyarbakır,Micro,2018,7,1784473642,7346011.3,1563879.89,10,6,140.42,146.82,134.71,171.66,1443,82,2020-02-11,2026-03-17,90,False,0.25,,False,,False,,2025-Q2,True
SUP048,Şafak Metal Ltd. Şti.,Metal ve Çelik,Mersin,Small,1993,26,5510762262,71063762.93,9739942.9,37,3,138.35,146.02,,140.86,2316,168,2018-08-04,2025-04-25,45,False,0.19,0.73,False,False,False,True,2025-Q1,True
SUP033,Şensoy Soylu Elektrik San. ve Tic. A.Ş.,Elektronik,Aydın,Large,1950,1408,5997278753,2334272596.64,116604665.76,333,,,804.65,750.14,726.53,658043,18450,2022-01-17,2025-02-22,60,True,0.13,0.28,False,True,False,True,2025-Q1,True
SUP027,Ertaş Kısakürek İçecek San. Tic. Ltd. Şti.,Gıda ve İçecek,Tekirdağ,Medium,2006,68,1229413104,885447761.5,90775793.01,112,5,644.59,779.57,599.32,615.0,92881,17377,2020-11-09,2025-01-14,90,False,0.11,0.18,False,True,False,False,2025-Q4,False
SUP012,Şama İçecek Tic.,Gıda ve İçecek,İzmir,Micro,2002,7,5005242782,7552958.5,729875.41,13,6,171.94,180.73,172.14,170.96,1045,216,2020-05-09,2026-04-26,90,,0.2,0.47,False,False,,True,2025-Q1,True
SUP082,Gülen Elektrik Ltd. Şti.,Elektronik,Adana,Small,2018,24,7440892684,22612201.76,5278499.14,53,7,340.06,300.71,312.58,368.16,15634,1507,2018-05-14,,90,True,0.07,0.5,False,True,False,True,2025-Q4,True
SUP031,Aslan Yapı Tic.,İnşaat Malzemeleri,Kocaeli,Small,2005,17,7808760384,87195978.5,9938127.09,34,3,318.11,265.96,225.59,243.51,5980,,2022-01-22,,60,,0.3,0.29,False,True,False,True,2025-Q3,True
SUP049,Yılmaz Demir Çelik San. ve Tic. A.Ş.,Metal ve Çelik,Tekirdağ,Medium,1976,133,3975161368,,1944549.0,51,13,943.5,932.2,1079.28,966.92,61400,5411,2019-05-20,2025-08-28,90,False,0.23,0.11,False,True,False,True,2025-Q4,True
SUP028,Şener Sezer Elektronik San. Tic. Ltd. Şti.,Elektronik,Kocaeli,Medium,1980,90,4281206799,917653939.86,47377957.7,139,38,494.32,517.18,471.3,503.65,78494,3710,2021-04-14,2026-08-29,90,True,0.16,0.4,False,True,False,False,2025-Q1,True
SUP013,Kısakürek Makine Tic.,Makine İmalat,Bursa,Micro,2021,2,6869232261,4007551.85,920679.71,8,1,16.37,19.14,,17.06,4815,103,,,30,,0.09,0.6,False,False,False,True,2025-Q4,True
SUP080,Seven Ertaş Karton Tic.,Ambalaj,Manisa,Micro,2012,2,9251286820,7805234.59,2313662.86,6,2,82.23,113.39,106.07,95.76,2828,284,2022-09-20,2025-08-05,45,False,0.25,0.29,False,True,False,False,2025-Q3,True
SUP061,Erdoğan İnönü Oto Yedek Parça San. Tic. Ltd. Şti.,Otomotiv Yan Sanayi,Kayseri,Medium,2003,60,6964016585,262410837.34,12323384.94,97,27,1165.81,1182.32,1097.3,,99109,6170,2024-12-16,,45,False,0.13,0.33,False,True,,,2025-Q3,True
SUP078,Seven Akar Yapı San. ve Tic. A.Ş.,İnşaat Malzemeleri,Adana,Medium,1979,194,2088398224,781615470.97,100448649.93,120,2,1086.69,1081.66,1128.54,1070.94,81039,2725,2024-09-26,2026-05-30,60,False,0.05,0.24,False,True,False,True,2025-Q2,True
SUP036,Durmuş Tekstil San. Tic. Ltd. Şti.,Tekstil,Manisa,Medium,1990,177,3374740742,364030998.37,25127730.44,44,4,954.39,959.59,757.25,730.94,45355,10377,2020-11-20,2026-04-11,45,True,0.16,,False,True,False,True,2025-Q4,True
SUP054,Öcalan Makine İmalat San. Tic. Ltd. Şti.,Makine İmalat,Kayseri,Medium,1984,69,5188805923,703410436.07,54807914.38,136,39,162.29,150.73,172.88,,84059,6664,2019-06-10,2025-11-02,,True,0.05,0.65,True,True,False,True,2025-Q2,True
SUP063,Aksu San. ve Tic. A.Ş.,Otomotiv Yan Sanayi,Trabzon,Large,1978,,6518844229,4123911786.84,328788696.19,234,78,1297.9,1286.68,1193.29,1236.24,892609,59994,2024-10-11,2025-11-11,60,True,0.13,0.29,False,True,False,True,2025-Q1,True
SUP051,Çamurcuoğlu Sakarya Plastik San. ve Tic. A.Ş.,Plastik ve Kauçuk,Gaziantep,Medium,2004,165,1054119980,973875757.79,,120,31,415.55,424.09,415.42,411.01,100824,25088,2019-09-25,2025-10-09,90,False,0.21,0.59,False,True,,True,2025-Q2,True
SUP044,Ertaş Plastik Ltd. Şti.,Plastik ve Kauçuk,İstanbul,Small,2011,31,8661565458,44281395.89,6506810.03,43,6,317.67,,333.26,324.08,9371,306,2023-03-09,2025-12-16,45,False,0.17,0.36,,True,False,True,2025-Q2,True
SUP009,Bilge Yılmaz Konfeksiyon Tic.,Tekstil,Şanlıurfa,Small,,28,7872343098,24967999.95,3416647.27,15,,360.56,355.37,381.16,393.46,12846,1308,2021-06-04,2026-05-31,30,False,0.31,0.19,False,True,True,,2025-Q1,True
SUP065,İhsanoğlu Lojistik Ltd. Şti.,Lojistik,Trabzon,Small,1999,32,9414384245,96963815.25,12137544.77,50,6,92.25,85.65,85.44,91.43,10130,577,2023-11-22,2025-02-21,30,False,0.16,0.2,False,False,True,False,2025-Q1,True
SUP015,Türk Gül Kimya Tic.,Kimya,Sakarya,Micro,2008,1,7088356159,3021930.44,249372.01,10,3,185.14,,216.49,210.79,4856,931,2021-03-11,2026-05-29,60,False,0.17,,False,True,True,True,2025-Q1,True
SUP072,Erdoğan Akçay Yapı Ltd. Şti.,İnşaat Malzemeleri,Eskişehir,Small,2015,43,7527858547,46933966.84,9467482.16,17,7,261.46,268.9,310.75,318.22,7011,24,2017-09-10,2025-03-06,90,False,0.08,,False,True,,False,2025-Q2,True
SUP041,Demir Mobilya San. Tic. Ltd. Şti.,Mobilya,Sakarya,Medium,1982,166,2390053293,433476962.86,31242259.12,92,,84.47,91.67,88.53,84.11,46666,6931,2017-06-29,2026-07-10,45,True,0.19,,,True,False,,2025-Q1,True
SUP057,Karadeniz Sezgin Çelik Grup A.Ş.,Metal ve Çelik,Kocaeli,Large,1978,2770,1104328985,1693581870.75,96845099.96,194,75,1776.07,1653.27,1613.16,1927.72,109118,9106,2022-11-13,2026-07-24,90,True,0.03,0.24,False,True,True,,2025-Q4,True
SUP066,Hançer Gülen Mobilya Tic.,Mobilya,Diyarbakır,Micro,2018,7,1784473622,7346011.3,1560908.8,11,6,150.17,155.67,126.53,177.99,1325,60,2020-02-11,,90,False,0.2,0.28,False,True,False,True,2025-Q4,False
SUP047,Şensoy Şama İplik San. Tic. Ltd. Şti.,Tekstil,Adana,Medium,1985,243,1147679763,438574965.13,31937067.66,47,12,727.66,652.81,714.43,702.55,102678,7513,2021-03-25,2026-04-29,60,True,0.2,0.8,False,True,False,True,2025-Q3,True
SUP041,Demir Mobilya San. Tic. Ltd. Şti.,Mobilya,Sakarya,Medium,1982,166,2390053293,433476962.86,30506009.57,74,24,78.2,84.17,97.69,91.41,44084,9282,2017-06-29,,45,True,0.3,0.22,False,True,False,True,2025-Q4,True
SUP067,Akçay Fırat Karton Ltd. Şti.,Ambalaj,Ankara,Micro,2017,2,6371473217,3731829.4,322536.66,17,4,98.27,99.66,100.48,102.47,4349,614,2023-01-17,,30,False,,0.6,False,False,False,,2025-Q3,True
SUP038,Zengin Gülen Plastik Tic.,Plastik ve Kauçuk,Kocaeli,Small,2008,18,2456232859,78001959.14,16611017.37,23,6,128.5,119.85,124.24,124.58,9675,1258,2023-12-25,2026-08-08,60,False,0.09,,False,False,True,True,2025-Q3,True
SUP043,Erdoğan Kisakürek Makine İmalat Tic.,Makine İmalat,Bursa,Small,1988,40,7617511595,42583507.64,6332546.93,14,3,216.29,185.85,181.15,204.32,8376,1001,2023-11-16,2025-12-17,45,True,0.09,0.31,False,True,False,True,2025-Q3,False
SUP055,Hayrioğlu Soylu Makine İmalat Ltd. Şti.,Makine İmalat,Gaziantep,Micro,2015,4,6977468862,915078.07,124237.71,27,9,123.27,142.06,142.37,133.8,1608,78,,2025-12-19,45,False,0.37,0.94,False,True,False,,2025-Q4,True
SUP082,Gülen Elektrik Ltd. Şti.,Elektronik,Adana,Small,2018,24,7440892684,22612201.76,5003120.64,51,6,321.3,304.4,333.73,,15025,1217,2018-05-14,,90,True,0.07,0.4,False,True,False,True,2025-Q3,True
SUP077,Cetin Ambalaj Tic.,Ambalaj,Tekirdağ,Small,2017,29,2459332728,37175125.57,6691077.22,58,20,359.44,321.29,389.34,325.47,4199,205,,2025-03-17,90,False,0.15,0.53,True,True,False,False,2025-Q4,True
SUP056,İhsanoğlu Gıda San. ve Tic. A.Ş.,Gıda ve İçecek,Ankara,Medium,1984,161,2375060682,886705250.55,81429625.51,76,1,918.24,752.11,724.8,605.8,19004,2392,2017-01-09,2024-12-05,60,True,0.08,0.22,False,True,True,,2025-Q4,True
SUP015,Türk Gül Kimya Tic.,Kimya,Sakarya,Micro,2008,1,7088356159,3021930.44,245580.61,11,3,157.92,197.75,,225.56,5166,1344,2021-03-11,2026-05-29,60,False,0.08,0.49,False,True,True,True,2025-Q4,True
SUP032,Çamurcuoğlu Ambalaj Ltd. Şti.,Ambalaj,İstanbul,Small,2011,15,4171274842,59429767.52,13052246.7,60,17,94.71,85.89,108.21,109.46,1110,48,2017-10-26,2025-02-20,90,False,0.12,0.42,False,True,True,True,2025-Q3,True
SUP077,Çetin Ambalaj Tic.,Ambalaj,Tekirdağ,Small,2017,29,2459332728,37175125.57,6844731.54,57,,398.13,359.85,402.91,353.64,4796,,2024-09-25,,90,False,0.16,0.66,,True,False,False,2025-Q2,True
SUP044,Ertaş Plastik Ltd. Şti.,Plastik ve Kauçuk,İstanbul,Small,2011,31,8661565458,44281395.89,,47,5,318.13,321.48,329.36,,9484,,2023-03-09,2025-12-16,45,,0.14,0.36,False,True,False,True,2025-Q1,True
SUP048,Şafak Metal Ltd. Şti.,Metal ve Çelik,Mersin,Small,1993,26,5510762262,71063762.93,9147814.98,32,2,138.92,142.43,155.5,134.34,2256,219,2018-08-04,2025-04-25,45,False,0.2,0.55,False,False,True,False,2025-Q3,True
SUP021,Arslan Çorlu Kauçuk Tic.,Plastik ve Kauçuk,Çorum,Small,,26,2708053107,22212953.85,3244089.3,11,9,243.96,268.93,282.49,247.33,1866,137,2020-07-27,2026-05-03,30,False,0.28,0.9,True,True,False,True,2025-Q3,True
SUP005,Bilir Bilgin Tekstil San. ve Tic. A.Ş.,Tekstil,Van,Medium,1986,179,2489325281,896309605.12,99663791.52,136,11,184.44,166.62,175.37,179.79,94077,4098,2017-03-14,2024-11-21,30,False,0.08,0.38,False,True,False,True,2025-Q4,True
SUP021,Arslan Çorlu Kauçuk Tic.,Plastik ve Kauçuk,Çorum,Small,2011,26,2708053107,22212953.85,3155855.41,12,7,238.53,271.1,274.58,253.64,1735,120,2020-07-27,2026-05-03,30,,0.35,0.7,True,True,False,True,2025-Q2,True
SUP054,Öcalan Makine İmalat San. Tic. Ltd. Şti.,Makine İmalat,,Medium,1984,69,5188805923,703410436.07,57108759.48,127,44,155.09,152.81,161.65,173.19,78995,7476,2019-06-10,2025-11-02,90,True,0.05,0.5,True,True,False,True,2025-Q1,True
SUP002,Bilgin Yaman Çelik Ltd. Şti.,Metal ve Çelik,Çorum,Micro,2020,6,4103413163,3910304.11,599006.65,8,4,79.56,79.53,78.44,80.27,859,,2021-05-15,2025-03-19,60,False,0.13,,False,False,False,False,2025-Q1,True
SUP050,İnönü Kimyasal Ürünler Ltd. Şti.,Kimya,Adana,Small,2001,22,3921277997,80120608.17,3749921.92,57,20,110.75,99.9,96.46,101.1,6062,202,2021-03-04,2025-10-03,90,False,0.13,0.62,False,True,False,True,2025-Q1,True
SUP081,Şensoy Şensoy Kimya San. Tic. Ltd. Şti.,Kimya,Sakarya,Medium,1976,111,4119079036,481715226.76,30395607.24,99,23,931.09,857.53,894.76,930.59,98276,12427,2017-08-12,,30,False,0.05,0.2,False,True,False,True,2025-Q1,True
SUP036,Durmuş Tekstil San. Tic. Ltd. Şti.,Tekstil,Manisa,Medium,,177,3374740742,364030998.37,,45,4,991.96,964.98,791.94,759.05,49714,9215,2020-11-20,,45,True,0.22,0.21,False,True,False,True,2025-Q3,True
SUP035,Eraslan Yaman Kauçuk Tic.,Plastik ve Kauçuk,Van,Micro,2015,,1913431616,9707434.49,1471340.02,9,0,103.2,103.32,105.47,102.05,712,42,2024-07-01,2024-12-29,30,False,0.22,0.66,False,True,False,True,2025-Q1,True
SUP009,Bilge Yılmaz Konfeksiyon Tic.,Tekstil,Şanlıurfa,Small,2014,28,7872343098,24967999.95,3624506.83,16,2,358.82,361.52,380.2,358.63,12621,1796,2021-06-04,2026-05-31,,False,0.24,0.11,False,True,True,True,2025-Q4,True
SUP007,Şensoy Elektronik Tic.,Elektronik,Bursa,Small,2002,41,4829973768,,5553341.86,22,2,140.95,133.53,117.75,127.72,1703,121,2020-01-28,,45,True,0.11,0.23,False,False,False,True,2025-Q2,True
SUP053,Arsoy Mobilya Tic.,Mobilya,Eskişehir,Small,1994,32,5629148653,40118441.25,4113422.66,13,0,269.78,266.69,270.17,284.28,13430,2113,2020-01-28,2025-01-06,45,False,0.2,0.86,False,True,False,True,2025-Q1,True
SUP010,Şafak Mobilya Tic.,Mobilya,Kayseri,Micro,2007,1,2699854355,5545698.29,431931.51,19,7,185.37,189.74,,164.87,4316,540,2019-05-30,2026-03-06,45,False,0.24,0.34,False,True,True,False,2025-Q4,True
SUP072,Erdoğan Akçay Yapı Ltd. Şti.,İnşaat Malzemeleri,Eskişehir,Small,2015,43,7527858547,46933966.84,9364814.04,19,7,240.98,258.52,311.28,319.18,7124,25,2017-09-10,2025-03-06,90,,0.08,0.66,False,True,,False,2025-Q3,True
SUP014,Akdeniz Ergül İnşaat Malzemeleri San. ve Tic. A.Ş.,İnşaat Malzemeleri,,Large,,2953,4654145862,5908947316.98,199076152.99,227,1,,876.43,868.45,899.11,359766,45070,2018-05-03,2025-06-15,60,False,0.13,0.17,False,True,False,True,2025-Q1,True
SUP004,Şafak Türk Plastik Ltd. Şti.,Plastik ve Kauçuk,Gaziantep,Small,1988,17,3269166979,32196475.69,5373796.94,37,5,113.58,119.88,105.03,111.69,2675,336,2018-03-04,2025-12-12,60,False,0.24,0.24,False,True,False,True,2025-Q2,True
SUP019,Akar Kimya San. Tic. Ltd. Şti.,Kimya,Manisa,Medium,1984,230,4166587605,664073593.28,34510753.91,163,4,715.64,715.09,681.69,730.65,107196,407,2022-11-05,,45,False,0.13,1.1,,True,False,True,2025-Q4,True
SUP082,Gülen Elektrik Ltd. Şti.,Elektronik,Adana,Small,2018,24,7440892884,22612201.76,,54,7,345.67,311.84,345.84,363.69,15574,1104,2018-05-14,2024-10-27,90,True,0.08,0.33,False,True,False,True,2025-Q2,False
SUP080,Seven Ertaş Karton Tic.,Ambalaj,Manisa,Micro,2012,2,9251286820,7805234.59,2398135.32,7,2,84.45,112.4,112.93,97.5,2897,349,2022-09-20,2025-08-05,,False,0.22,0.36,False,True,False,False,2025-Q4,True
SUP050,İnönü Kimyasal Ürünler Ltd. Şti.,Kimya,Adana,Small,,22,3921277997,80120608.17,4018216.15,53,21,113.14,99.77,90.15,98.64,5860,219,2021-03-04,2025-10-03,90,False,,0.7,False,True,False,True,2025-Q2,True
SUP072,Erdoğan Akçay Yapi Ltd. Şti.,İnşaat Malzemeleri,Eskişehir,Small,2015,43,7527858547,46933966.84,8804590.42,20,8,233.23,266.85,329.24,330.0,7745,27,2017-09-10,,90,False,0.08,0.58,False,True,,False,2025-Q4,True
SUP074,Yüksel Kimya San. Tic. Ltd. Şti.,Kimya,Denizli,Medium,2005,75,3082677344,198303923.41,20365372.35,125,13,339.05,346.72,347.44,314.05,112967,8277,2017-11-24,2025-10-14,60,True,0.14,0.48,False,False,False,True,2025-Q3,True
SUP055,Hayrioğlu Soylu Makine İmalat Ltd. Şti.,Makine İmalat,Gaziantep,Micro,2015,4,6977468862,915078.07,145762.62,29,9,135.35,144.2,,136.22,1456,74,2016-09-13,2025-12-19,45,False,0.28,1.07,False,,False,True,2025-Q1,True
SUP051,Çamurcuoğlu Sakarya Plastik San. ve Tic. A.Ş.,Plastik ve Kauçuk,Gaziantep,Medium,2004,165,1054119980,973875757.79,52841958.34,121,34,427.64,394.42,421.89,410.05,91857,23255,2019-09-25,2025-10-09,90,False,,0.73,False,True,False,True,2025-Q1,True
SUP005,Bilir Bilgin Tekstil San. ve Tic. A.Ş.,Tekstil,Van,Medium,1986,179,2489325281,896309605.12,104317004.72,148,14,177.28,164.27,178.69,167.38,97702,4998,2017-03-14,2024-11-21,30,False,0.11,0.37,False,True,False,True,2025-Q3,True
SUP020,Ulker Mobilya Ltd. Şti.,Mobilya,İzmir,Small,2012,41,1656272985,78903511.85,8217152.53,61,11,304.93,310.1,326.57,309.02,883,90,2017-11-16,,30,False,,0.73,True,True,False,False,2025-Q3,True
SUP084,Akar Ambalaj Tic.,Ambalaj,Denizli,Micro,2009,1,4317393637,8379359.71,,16,2,116.91,90.37,117.6,111.28,901,84,2020-12-03,2025-02-05,60,False,0.22,0.23,False,True,True,False,2025-Q4,True
SUP018,Şener Mansız Otomotiv Tic.,Otomotiv Yan Sanayi,Denizli,Micro,2019,6,8986872771,8139043.63,1813923.35,32,8,51.45,56.58,77.29,65.44,4175,501,2021-09-05,2026-06-16,60,False,0.36,1.07,False,True,True,False,2025-Q3,True
SUP085,Şafak Nakliyat Ltd. Şti.,Lojistik,Sakarya,Small,1987,,4204899647,42368015.62,10258015.31,50,18,138.8,131.7,143.83,131.6,5826,1132,2024-04-28,2024-12-27,45,False,,0.43,False,True,False,True,2025-Q2,True
SUP059,Durdu Kauçuk Ltd. Şti.,Plastik ve Kauçuk,Konya,Small,2006,21,8722170439,11461800.8,2332183.08,34,11,103.03,106.55,116.96,114.3,6616,1764,2020-10-15,2026-07-23,30,False,0.2,0.39,False,True,False,True,2025-Q1,True
SUP049,Yılmaz Demir Çelik San. ve Tic. A.Ş.,Metal ve Çelik,Tekirdağ,Medium,1976,133,3975161368,138072035.41,1742995.85,49,15,976.6,945.58,980.68,1047.13,62044,4383,2019-05-20,2025-08-28,90,False,0.29,0.15,False,True,False,True,2025-Q1,True
SUP066,Hançer Gülen Mobilya Tic.,Mobilya,Diyarbakır,Micro,,7,1784473642,7346011.3,1561729.22,11,7,151.16,148.51,127.59,168.38,1339,74,2020-02-11,2026-03-17,90,False,0.19,0.37,False,True,False,False,2025-Q3,True
SUP083,Bilge Sakarya Plastik Tic.,Plastik ve Kauçuk,Adana,Small,2014,,9668826348,38686101.16,5378115.52,55,18,373.78,335.7,,333.98,6579,1647,2022-06-19,2026-05-24,45,False,0.15,,False,True,False,True,2025-Q3,True
SUP022,Sakarya Kisakürek İplik Ltd. Şti.,Tekstil,Manisa,Micro,2009,2,1496631931,4998830.08,421485.53,24,10,56.54,53.35,51.7,48.42,1348,39,2020-08-26,2026-07-15,30,False,,0.48,False,True,True,,2025-Q1,True
SUP059,Durdu Kauçuk Ltd. Şti.,Plastik ve Kauçuk,Konya,Small,2006,21,8722170439,11461800.8,2712167.5,32,8,100.74,103.6,114.78,113.41,5744,1622,2020-10-15,2026-07-23,,False,0.17,0.65,False,True,False,,2025-Q4,True
SUP076,İhsanoğlu Nakliyat Ltd. Şti.,Lojistik,Sakarya,Micro,2012,7,9516122752,1570144.23,145138.8,21,6,44.42,36.8,34.13,41.6,2489,267,2018-12-11,2026-03-25,45,True,0.13,0.52,False,True,True,True,2025-Q2,True
SUP022,Sakarya Kisakürek İplik Ltd. Şti.,Tekstil,Manisa,Micro,2009,2,1496631931,,,20,7,58.47,48.39,51.98,42.38,1523,66,2020-08-26,,30,False,0.19,0.54,True,True,True,False,2025-Q4,True
SUP022,Sakarya Kısakürek İplik Ltd. Şti.,Tekstil,Manisa,Micro,2009,2,1496631931,4998830.08,493566.88,20,9,56.8,51.06,54.47,44.61,1593,55,2020-08-26,,30,False,0.18,0.63,True,,True,False,2025-Q3,True
SUP039,Yaman Karton Tic.,Ambalaj,Tekirdağ,Small,1985,26,9175496515,82380928.47,12908842.56,28,12,303.75,375.01,371.24,431.62,11703,463,2022-11-07,2025-02-27,45,False,0.12,0.58,False,True,False,True,2025-Q4,True
SUP003,Korutürk Gıda San. ve Tic. A.Ş.,Gıda ve İçecek,Sakarya,Medium,2010,106,6030564132,340280039.84,45777116.58,93,32,272.31,333.26,325.97,354.17,61090,9786,2018-06-08,2026-02-17,60,True,,0.33,False,True,False,True,2025-Q4,True
SUP054,Ocalan Makine İmalat San. Tic. Ltd. Şti.,Makine İmalat,Kayseri,Medium,1984,69,5188805923,703410436.07,52189930.2,134,34,151.53,148.46,155.85,162.04,89891,5625,2019-06-10,2025-11-02,90,,0.07,0.54,True,True,False,True,2025-Q4,True
SUP065,İhsanoğlu Lojistik Ltd. Şti.,Lojistik,Trabzon,Small,1999,32,9414384245,,11491395.05,50,6,94.8,88.01,86.6,96.15,11022,464,2023-11-22,,30,False,,0.24,False,False,True,False,2025-Q2,True
SUP046,Gül Demir Taşimacilik Ltd. Şti.,Lojistik,Eskişehir,Micro,2022,5,1244550220,5953950.04,1620231.35,15,3,163.01,170.82,183.07,175.85,981,29,2016-11-20,,90,False,,0.17,True,True,False,True,2025-Q2,True
SUP067,Akçay Fırat Karton Ltd. Şti.,Ambalaj,Ankara,Micro,2017,2,6371473217,,,18,4,96.82,104.76,107.22,105.78,3991,670,2023-01-17,,30,,0.14,0.67,False,False,False,False,2025-Q2,True
SUP015,Türk Gül Kimya Tic.,Kimya,Sakarya,Micro,2008,1,7088356159,3021930.44,232155.21,10,3,183.81,195.6,,227.5,4910,1033,2021-03-11,2026-05-29,60,False,0.15,0.37,False,True,True,True,2025-Q2,True
SUP003,Korutürk Gıda San. ve Tic. A.Ş.,Gıda ve İçecek,Sakarya,Medium,2010,106,6030564132,340280039.84,51498423.61,92,27,280.73,311.26,301.29,327.13,60293,12469,2018-06-08,2026-02-17,60,True,0.09,,False,True,False,True,2025-Q2,True
SUP076,İhsanoglu Nakliyat Ltd. Şti.,Lojistik,Sakarya,Micro,,7,9516122752,1570144.23,158161.75,22,5,44.49,32.64,34.67,42.59,2702,332,2018-12-11,,45,True,0.17,0.53,False,True,True,True,2025-Q4,True
SUP045,Bilge Otomotiv Tic.,Otomotiv Yan Sanayi,Eskişehir,Small,2012,13,5945198329,77013007.23,8329381.79,15,2,180.92,188.07,200.25,156.72,1940,317,2020-12-20,,90,False,0.25,0.45,False,False,,False,2025-Q3,True
SUP037,Zengin Grup A.Ş.,Mobilya,Ankara,Large,1994,1459,1640909745,5832194587.22,249970806.44,266,5,,5122.66,4998.75,4914.44,721770,94917,2021-02-28,,45,True,0.01,0.11,False,True,False,True,2025-Q2,True
SUP085,Şafak Nakliyat Ltd. Şti.,Lojistik,Sakarya,Small,1987,46,4204899647,42368015.62,11576650.63,48,16,135.24,133.4,147.45,122.71,5685,1208,2024-04-28,2024-12-27,45,False,0.21,0.42,False,True,False,True,2025-Q4,True
SUP021,Arslan Çorlu Kauçuk Tic.,Plastik ve Kauçuk,Çorum,Small,2011,26,2708053107,,2922639.59,11,6,236.8,257.32,271.0,268.77,1875,133,2020-07-27,,30,False,0.29,,True,True,False,True,2025-Q1,True
SUP019,Akar Kimya San. Tic. Ltd. Şti.,Kimya,Manisa,Medium,1984,230,4166587605,664073593.28,33329661.51,157,5,679.14,,729.4,,110381,404,2022-11-05,2025-12-02,45,False,0.15,,False,,False,,2025-Q3,True
SUP072,Erdoğan Akçay Yapi Ltd. Şti.,İnşaat Malzemeleri,Eskişehir,Small,2015,43,7527858547,46933966.84,9409974.35,19,7,280.99,278.94,304.27,315.78,7265,19,2017-09-10,2025-03-06,90,False,0.09,0.54,,True,False,False,2025-Q1,True
SUP022,Sakarya Kısakürek İplik Ltd. Şti.,Tekstil,Manisa,Micro,2009,2,1496631931,4998830.08,461628.32,22,11,60.02,,52.7,45.74,1464,46,2020-08-26,,,False,0.21,0.58,True,True,True,False,2025-Q2,True
SUP016,Demir Kimya Tic.,Kimya,Çorum,Micro,2000,5,5369957773,3598737.6,990006.45,22,6,137.83,131.5,162.27,124.0,2918,98,2024-07-04,2025-10-31,45,False,0.18,0.15,False,False,False,False,2025-Q4,True
SUP018,Şener Mansız Otomotiv Tic.,Otomotiv Yan Sanayi,Denizli,Micro,2019,6,8986872771,8139043.63,1962000.46,32,9,53.5,57.07,71.6,67.77,3854,503,2021-09-05,2026-06-16,60,False,0.3,1.1,False,True,True,False,2025-Q2,True
