supplier_id,company_name,sector,city,company_size,founded_year,employee_count,vkn,supplier_annual_revenue_tl,annual_purchase_volume_tl,total_orders_last_year,late_orders_last_year,price_q1,price_q2,price_q3,price_q4,units_shipped_last_year,units_returned_last_year,contract_start_date,last_audit_date,payment_terms_days,iso_certified,overdue_debt_ratio,debt_to_revenue_ratio,payment_default_last_3y,has_export_documentation,requires_full_upfront_payment,site_visit_verified,period
SUP030,  Alemdar Türk Yapı Ltd. Şti.  ,İNŞAAT MALZEMELERI,ANTALYA,KÜÇÜK,2002,46.0,1278742962,49398297.72,9249259.59,25,11.0,212.41,263.19,"254,86",239.53,9700,1628.0,2017-08-23,06-03-25,90.0,false,,"1,17",hayır,Yes,HAYIR,0,2025-Q4
SUP032,Çamurcuoğlu Ambalaj Ltd. Şti.,AMBALAJ,i̇stanbul,KÜÇÜK,2011.0,15.0,4171274842,59429767.52,14030355.36,56,21.0,"92,05","92,85","100,97",116.75,1228,53.0,26.10.2017,20-02-25,90.0,0,"0,11",,No,1,EVET,1,2025-Q2
SUP029,Hayrioğlu Makine Tic.,MAKINE İMALAT,  İstanbul  ,Small,,27.0,3102499479,"16.406.178,41","1.376.353,72",30,10.0,"368,31",,336.83,353.15,12003,722.0,05.06.2020,23/02/2026,,false,0.13,"0,17",HAYIR,Evet,0,evet,2025-Q2
SUP043,erdoğan kısakürek makine i̇malat tic.,Makine İmalat,Bursa,Küçük,1988,40.0,7617711195,"42.583.507,64",6839189.14,14,3.0,"195,83","193,86",195.57,"209,73",8302,1466.0,16.11.2023,17/12/2025,45.0,1,0.11,0.41,false,Evet,0,true,2025-Q1
SUP042,  Aksu Çetin Elektronik San. ve Tic. A.Ş.  ,Elektronik,denizli,Orta,1976,83.0,1539502409,"309.698.811,14","33.889.675,70",114,15.0,930.58,1019.67,893.76,"750,36",36550,7428.0,17-04-19,2026-01-10,45.0,0,0.07,"0,40",false,evet,,Yes,2025-Q2
SUP062,Ülker Mobilya Tic.,Mobilya,Van,Mikro,2002.0,3.0,9565431027,1138716.95,350200.19,24,12.0,"15,82",14.68,"17,44",15.34,4123,494.0,31-10-18,18.12.2024,90.0,false,0.20,,0,,0,evet,2025-Q3
SUP012,Sama Icecek Tic.,Gıda ve İçecek,İzmir,mikro,2002,7.0,5005242782,"7.552.958,50",801568.29,13,5.0,163.72,173.74,"170,14",173.36,1119,209.0,09/05/2020,26/04/2026,90.0,0,"0,26","0,45",No,Hayır,true,Evet,2025-Q3
SUP024,ARSOY MOBILYA SAN. VE TIC. A.Ş.,Mobilya,Konya,Orta,1986.0,174.0,4545494802,847657917.00,17169914.61,77,28.0,1014.79,964.47,"954,19",1069.17,52925,12785.0,24-11-22,14.01.2025,45.0,1,0.16,0.52,Hayır,true,false,Evet,2025-Q4
SUP083,bilge sakarya plastik tic.,Plastik ve Kauçuk,  Adana  ,KÜÇÜK,2014,13.0,9668826348,"38.686.101,16",5518180.22,50,14.0,"391,38",338.82,"326,47",319.43,6261,1555.0,19.06.2022,24.05.2026,,hayır,0.15,"0,25",,1,Hayır,,2025-Q4
SUP026,ŞENER AKSU DEMIR ÇELIK SAN. VE TIC. A.Ş.,metal ve çelik,çorum,Medium,1987,125.0,4524082408,,28232834.33,55,10.0,"605,31",634.28,590.93,"600,42",107370,12490.0,27.11.2017,27/12/2025,30.0,false,"0,34",,Hayır,true,hayır,true,2025-Q1
SUP040,çorlu i̇nönü lojistik san. ve tic. a.ş.,Lojistik,  Denizli  ,ORTA,1981,110.0,9267586926,"156.895.337,04",,74,37.0,268.53,263.08,253.02,"232,58",81484,3702.0,12-05-25,28.09.2025,90.0,false,0.10,0.73,false,Yes,HAYIR,Evet,2025-Q2
SUP052,  Şener Zorlu Makine İmalat Ltd. Şti.  ,Makine İmalat,TEKIRDAĞ,Küçük,1987,25.0,8788925540,61449101.78,"3.966.825,83",10,1.0,449.41,"425,88","424,29",343.13,9000,368.0,2021-10-08,25-06-26,90.0,Hayır,"0,10",0.35,HAYIR,true,0,1,2025-Q3
SUP007,Şensoy Elektronik Tic.,Elektronik,  Bursa  ,Küçük,2002.0,41.0,4829973768,62947784.66,"5.772.046,88",22,2.0,159.21,"121,35","129,79",124.43,1791,109.0,28-01-20,20-03-26,45.0,evet,0.18,0.22,evet,No,true,No,2025-Q4
SUP071,Şener Ambalaj Tic.,  Ambalaj  ,mersin,KÜÇÜK,1999,13.0,8299623090,83417394.99,"8.448.984,35",55,0.0,119.94,"136,75","151,31",160.68,9640,249.0,2017-11-25,13.03.2026,30.0,false,"0,23","0,64",false,Evet,0,Yes,2025-Q2
SUP025,  Ülker Aslan Ambalaj San. ve Tic. A.Ş.  ,Ambalaj,  Adana  ,ORTA,2005,191.0,9568557440,,"55.109.557,16",102,30.0,"326,28",289.55,304.41,"284,92",106863,1897.0,2022-09-26,19.02.2025,60.0,,0.16,"0,15",No,false,HAYIR,Yes,2025-Q2
SUP003,Koruturk Gida San. ve Tic. A.S.,gıda ve i̇çecek,SAKARYA,ORTA,2010,106.0,6030564132,"340.280.039,84","50.075.296,56",98,29.0,295.51,323.15,"310,23","328,51",62054,11991.0,08.06.2018,17-02-26,60.0,,"0,08","0,29",Hayır,Evet,HAYIR,Yes,2025-Q3
SUP034,Çamurcuoğlu Şensoy Karton Tic.,ambalaj,,Small,,41.0,1289517184,72774858.49,"10.265.343,78",27,5.0,87.24,"90,10",,"85,14",13649,872.0,04/06/2023,,90.0,evet,0.14,"0,87",Evet,Evet,EVET,true,2025-Q2
SUP071,  Şener Ambalaj Tic.  ,Ambalaj,Mersin,Küçük,1999.0,13.0,8289623090,"83.417.394,99","8.634.481,93",54,0.0,"129,58",145.98,154.76,147.24,11133,325.0,25-11-17,13/03/2026,30.0,0,"0,22","0,59",false,EVET,hayır,true,2025-Q4
SUP012,  Şama İçecek Tic.  ,Gıda ve İçecek,İzmir,Mikro,2002,7.0,5005242782,7552958.50,"782.808,30",13,6.0,"156,61",173.99,157.73,,1062,206.0,09-05-20,2026-04-26,90.0,false,"0,21","0,57",No,Hayır,true,true,2025-Q4
SUP010,Şafak Mobilya Tic.,Mobilya,Kayseri,Micro,2007.0,1.0,2699854355,5545698.29,"371.916,01",20,6.0,"186,60","190,91",180.79,"182,46",4219,628.0,30-05-19,2026-03-06,45.0,No,,0.54,hayır,EVET,true,0,2025-Q1
SUP026,Şener Aksu Demir Çelik San. ve Tic. A.Ş.,Metal ve Çelik,çorum,orta,1987,125.0,4524082408,"785.970.648,54",30213106.76,54,10.0,"511,45","684,24","591,24",622.87,108378,,27.11.2017,,30.0,HAYIR,"0,33",0.23,Hayır,true,No,true,2025-Q4
SUP056,İHSANOĞLU GIDA SAN. VE TIC. A.Ş.,Gıda ve İçecek,Ankara,Medium,1984,161.0,2375060682,886705250.55,"77.707.039,19",72,1.0,"805,88",769.43,"756,47",679.63,16839,2314.0,2017-01-09,05/12/2024,60.0,EVET,,"0,16",Hayır,true,No,true,2025-Q1
SUP081,şensoy şensoy kimya san. tic. ltd. şti.,kimya,sakarya,Orta,1976,111.0,4119079036,481715226.76,30541278.45,105,24.0,,915.12,,,93231,12979.0,12/08/2017,,30.0,hayır,0.05,0.18,hayır,EVET,hayır,Yes,2025-Q2
SUP035,Eraslan Yaman Kauçuk Tic.,Plastik ve Kaucuk,VAN,MİKRO,2015,9.0,1913431616,"9.707.434,49",1398441.46,8,0.0,98.44,100.46,"109,88","100,08",748,49.0,2024-07-01,29/12/2024,30.0,No,0.17,"0,47",No,,HAYIR,,2025-Q2
SUP060,Gül Metal San. ve Tic. A.Ş.,Metal ve Celik,  Balıkesir  ,ORTA,1998.0,161.0,7765277583,"833.865.472,59",65371304.22,71,12.0,517.70,498.63,473.67,498.68,75157,13696.0,12/01/2018,15.11.2024,60.0,0,0.19,"0,44",Hayır,EVET,0,1,2025-Q2
SUP006,Yıldırım Otomotiv Ltd. Şti.,Otomotiv Yan Sanayi,Kocaeli,Küçük,1995,,9963834653,82609732.43,"7.373.568,63",32,22.0,376.33,"364,66",373.97,"387,48",14189,3122.0,2025-04-16,21-12-25,90.0,No,0.14,0.65,Hayır,1,false,EVET,2025-Q2
SUP024,Arsoy Mobilya San. ve Tic. A.Ş.,MOBILYA,KONYA,orta,1986,174.0,4545494802,847657917.00,18896937.02,69,25.0,"1.047,22","994,44",982.98,"1.097,18",51197,9136.0,24/11/2022,14-01-25,45.0,Evet,0.11,0.46,No,Evet,0,,2025-Q2
SUP041,Demir Mobilya San. Tic. Ltd. Şti.,mobilya,Sakarya,orta,1982.0,166.0,2390053293,"433.476.962,86",28137740.46,80,23.0,"75,85",90.88,"91,96",93.94,46526,8266.0,29-06-17,,45.0,,"0,24","0,31",0,evet,false,Yes,2025-Q3
SUP055,Hayrioglu Soylu Makine Imalat Ltd. Sti.,MAKINE İMALAT,Gaziantep,Micro,2015,4.0,6977468862,"915.078,07","137.995,29",28,9.0,"136,29",143.17,"152,98",,1514,,13/09/2016,19/12/2025,45.0,hayır,0.33,"0,78",Hayır,1,false,Evet,2025-Q2
SUP060,  Gül Metal San. ve Tic. A.Ş.  ,Metal ve Çelik,balıkesir,ORTA,1998.0,161.0,7765277583,"833.865.472,59","64.594.388,50",68,9.0,"501,68",443.29,"470,62",,74618,10593.0,2018-01-12,,60.0,No,"0,15",0.46,HAYIR,EVET,false,,2025-Q4
SUP007,ŞENSOY ELEKTRONIK TIC.,Elektronik,Bursa,Küçük,2002,41.0,4829973768,62947784.66,5483894.61,20,2.0,"148,87","128,94","122,71","123,08",1841,100.0,2020-01-28,20.03.2026,45.0,evet,0.14,0.19,No,false,No,hayır,2025-Q3
SUP040,ÇORLU İNÖNÜ LOJISTIK SAN. VE TIC. A.Ş.,lojistik,DENIZLI,ORTA,1981,110.0,9267586926,"156.895.337,04",19665222.19,81,31.0,"280,00",,248.63,237.17,89964,3149.0,12-05-25,28/09/2025,90.0,0,"0,12",0.62,No,Yes,,,2025-Q1
SUP020,Ülker Mobilya Ltd. Şti.,Mobilya,İzmir,Small,2012.0,41.0,1656272985,"78.903.511,85",,58,14.0,"302,32",,"311,44","306,49",864,113.0,16.11.2017,15/10/2024,30.0,Hayır,"0,30",0.64,1,EVET,hayır,HAYIR,2025-Q2
SUP062,ülker mobilya tic.,mobilya,  Van  ,Micro,2002,3.0,9565431027,,"381.190,59",23,14.0,16.58,15.03,18.27,14.39,4285,385.0,2018-10-31,18-12-24,90.0,0,,0.50,0,Yes,HAYIR,Yes,2025-Q4
SUP079,Ülker Şafak Plastik Tic.,  Plastik ve Kauçuk  ,Gaziantep,Küçük,1986,35.0,5039106517,,2587372.82,23,1.0,"229,93","238,15","242,03",246.44,12245,1618.0,19.04.2018,24/11/2024,30.0,hayır,0.26,"0,27",false,true,hayır,,2025-Q1
SUP006,  Yıldırım Otomotiv Ltd. Şti.  ,  Otomotiv Yan Sanayi  ,Kocaeli,Small,1995,26.0,9963834653,"82.609.732,43","6.830.132,06",33,18.0,378.82,"378,91",389.77,383.71,14896,2995.0,2025-04-16,,90.0,hayır,0.14,"0,79",false,,1,Evet,2025-Q1
SUP046,Gül Demir Taşımacılık Ltd. Şti.,Lojistik,Eskişehir,MİKRO,2022.0,5.0,1244550220,"5.953.950,04",1683874.19,17,2.0,187.04,178.93,183.66,,911,39.0,20-11-16,2026-02-20,90.0,No,0.18,"0,20",Yes,Evet,false,Yes,2025-Q4
SUP075,Soylu Bilir Otomotiv Tic.,Otomotiv Yan Sanayi,tekirdağ,mikro,2023.0,5.0,1049915474,7517521.96,2445660.65,26,0.0,53.42,"58,76","47,40","54,59",4204,640.0,2021-06-06,11/02/2026,90.0,false,,0.53,EVET,Yes,0,Yes,2025-Q4
SUP026,ŞENER AKSU DEMIR ÇELIK SAN. VE TIC. A.Ş.,Metal ve Çelik,Çorum,ORTA,1987,125.0,4524082408,"785.970.648,54","27.105.340,67",57,9.0,563.66,650.95,"574,88","582,54",114843,13862.0,2017-11-27,27/12/2025,,0,0.30,0.20,0,Yes,false,evet,2025-Q2
SUP077,Çetin Ambalaj Tic.,ambalaj,Tekirdağ,Small,2017,29.0,2459332728,"37.175.125,57","7.027.368,50",58,18.0,"389,82",389.07,"387,65",370.53,4874,202.0,2024-09-25,17.03.2025,90.0,hayır,"0,14","0,56",1,1,Hayır,Hayır,2025-Q1
SUP085,Şafak Nakliyat Ltd. Şti.,Lojistik,Sakarya,küçük,1987.0,46.0,4204899647,42368015.62,9499698.40,51,16.0,135.51,135.57,,139.39,6386,1412.0,28.04.2024,27.12.2024,45.0,false,"0,23","0,38",hayır,true,false,evet,2025-Q1
SUP004,Şafak Türk Plastik Ltd. Şti.,Plastik ve Kaucuk,,KÜÇÜK,1988,17.0,3269166979,"32.196.475,69","4.942.190,88",39,6.0,117.76,"117,33","107,35","114,06",2840,380.0,2018-03-04,2025-12-12,60.0,HAYIR,"0,22",,0,EVET,Hayır,EVET,2025-Q1
SUP074,yüksel kimya san. tic. ltd. şti.,Kimya,Denizli,ORTA,2005,75.0,3082677344,"198.303.923,41","21.783.694,62",118,16.0,321.11,338.70,337.86,"331,87",102999,9493.0,24/11/2017,14.10.2025,60.0,EVET,0.17,"0,46",false,0,,1,2025-Q2
SUP059,Durdu Kaucuk Ltd. Sti.,PLASTIK VE KAUÇUK,Konya,KÜÇÜK,2006.0,21.0,8722170439,"11.461.800,80","2.622.157,67",31,9.0,108.76,103.66,120.41,"106,06",5945,2159.0,,23/07/2026,30.0,hayır,,"0,54",hayır,evet,No,EVET,2025-Q3
SUP047,Şensoy Şama İplik San. Tic. Ltd. Şti.,Tekstil,ADANA,Medium,1985,243.0,1147679763,"438.574.965,13","32.239.825,81",51,,"700,60",654.62,"669,24","688,47",107794,9287.0,2021-03-25,,60.0,evet,"0,15","0,81",Hayır,Evet,hayır,1,2025-Q1
SUP061,Erdogan Inonu Oto Yedek Parca San. Tic. Ltd. Sti.,Otomotiv Yan Sanayi,kayseri,ORTA,,60.0,6964016585,262410837.34,"13.256.204,89",102,,1231.47,1213.22,"1.039,45","1.415,59",97874,6546.0,16/12/2024,05-06-26,45.0,0,"0,09","0,40",false,true,Hayır,Yes,2025-Q4
SUP032,Camurcuoglu Ambalaj Ltd. Sti.,Ambalaj,Istanbul,Küçük,2011,15.0,4171274842,,"13.954.842,15",61,14.0,"94,40",90.89,"110,82",112.74,1035,38.0,26.10.2017,,90.0,0,0.10,"0,38",No,EVET,1,Yes,2025-Q4
SUP042,AKSU ÇETIN ELEKTRONIK SAN. VE TIC. A.Ş.,  Elektronik  ,denizli,Orta,1976.0,83.0,1539502409,"309.698.811,14",31453526.94,118,14.0,"1.017,61",,"902,71",793.04,37336,6949.0,17.04.2019,10.01.2026,45.0,No,"0,06","0,25",0,,No,evet,2025-Q4
SUP074,Yüksel Kimya San. Tic. Ltd. Şti.,KIMYA,Denizli,orta,,75.0,3082677344,"198.303.923,41",22552061.48,111,20.0,343.27,"326,24",321.81,328.90,101248,9209.0,2017-11-24,14/10/2025,60.0,true,,,false,0,hayır,Yes,2025-Q1
SUP034,Çamurcuoğlu Şensoy Karton Tic.,Ambalaj,ŞANLIURFA,Small,1994,41.0,1289517184,72774858.49,"11.337.994,10",30,5.0,84.81,91.50,81.88,"85,59",14747,822.0,04-06-23,29-07-26,90.0,,0.15,0.83,false,Evet,Evet,,2025-Q1
SUP065,İhsanoğlu Lojistik Ltd. Şti.,Lojistik,Trabzon,küçük,1999,32.0,9414384245,96963815.25,9658586.51,49,6.0,83.64,"89,29","82,56",100.03,10680,509.0,22.11.2023,21-02-25,30.0,HAYIR,"0,12",0.18,No,0,Evet,Hayır,2025-Q4
SUP013,Kisakurek Makine Tic.,makine i̇malat,Bursa,Mikro,,2.0,6869632261,4007551.85,852174.90,8,1.0,"16,59","18,49","18,20","18,30",4941,103.0,07.06.2018,,30.0,hayır,,"0,51",HAYIR,,HAYIR,evet,2025-Q3
SUP034,Çamurcuoğlu Şensoy Karton Tic.,AMBALAJ,Şanlıurfa,Small,1994,41.0,1289517184,,9664364.97,28,4.0,83.70,"90,94",74.08,91.58,13097,780.0,2023-06-04,2026-07-29,90.0,evet,"0,16","0,77",EVET,evet,Evet,1,2025-Q3
SUP083,Bilge Sakarya Plastik Tic.,  Plastik ve Kauçuk  ,ADANA,Small,,13.0,9668826348,38686101.16,4703897.95,52,13.0,"332,65","319,69","321,28",312.28,6744,1403.0,19-06-22,2026-05-24,45.0,false,0.12,,HAYIR,Yes,hayır,true,2025-Q1
SUP064,Bilge Elektronik Ltd. Şti.,Elektronik,Trabzon,Mikro,2023.0,,9669125171,"5.193.208,41",821923.68,30,6.0,"57,99",53.23,52.52,48.83,1237,245.0,15/03/2021,24/10/2025,90.0,0,0.11,0.69,No,EVET,false,Hayır,2025-Q1
SUP028,  Şener Sezer Elektronik San. Tic. Ltd. Şti.  ,elektronik,kocaeli,Medium,1980,90.0,4281206799,,49799989.13,157,50.0,,"475,14","477,78",489.23,76715,3384.0,14-04-21,,90.0,Evet,0.21,"0,29",0,Hayır,Hayır,HAYIR,2025-Q3
SUP058,Yorulmaz Kimya Ltd. Sti.,Kimya,İstanbul,Küçük,2007,25.0,7218518881,67505655.90,11274681.58,17,4.0,"118,89",134.75,124.74,"128,66",1282,204.0,03/12/2021,14/03/2025,30.0,hayır,"0,13",0.31,hayır,evet,Hayır,EVET,2025-Q1
SUP078,Seven Akar Yapı San. ve Tic. A.Ş.,İnşaat Malzemeleri,Adana,ORTA,1979.0,194.0,2088398224,"781.615.470,97","94.442.790,60",121,2.0,1108.79,,1094.70,"936,77",84782,2812.0,2024-09-26,30.05.2026,60.0,Hayır,0.05,"0,18",0,1,false,1,2025-Q4
SUP081,şensoy şensoy kimya san. tic. ltd. şti.,  Kimya  ,SAKARYA,Orta,1976.0,111.0,4119079036,"481.715.226,76",32529276.49,124,27.0,"937,65",1008.09,820.44,"982,16",106206,9539.0,12-08-17,,30.0,No,0.06,"0,13",Hayır,evet,false,0,2025-Q4
SUP046,Gul Demir Tasimacilik Ltd. Sti.,lojistik,Eskişehir,MİKRO,2022,5.0,1243550220,"5.953.950,04",1739544.22,16,3.0,"160,20",164.50,170.84,184.47,1041,27.0,20.11.2016,20.02.2026,90.0,0,"0,19","0,22",hayır,evet,HAYIR,evet,2025-Q1
SUP051,çamurcuoğlu sakarya plastik san. ve tic. a.ş.,Plastik ve Kaucuk,Gaziantep,Orta,2004,165.0,1054119980,"973.875.757,79",55177474.11,113,34.0,"380,12",434.87,420.66,"393,59",103425,26555.0,25-09-19,2025-10-09,90.0,0,0.31,"0,77",hayır,EVET,Hayır,EVET,2025-Q4
SUP052,ŞENER ZORLU MAKINE İMALAT LTD. ŞTI.,Makine İmalat,tekirdağ,Small,1987,25.0,8788925540,61449101.78,4021888.22,11,1.0,"434,91",395.49,"448,34",323.22,8461,351.0,08/10/2021,25/06/2026,90.0,No,"0,12","0,34",,1,false,true,2025-Q4
SUP063,Aksu San. ve Tic. A.Ş.,  Otomotiv Yan Sanayi  ,Trabzon,Büyük,1978.0,609.0,6518844229,4123911786.84,"316.891.944,71",229,95.0,"1.092,76",,"1.402,90","1.240,03",807758,56623.0,11-10-24,11.11.2025,60.0,,0.16,"0,27",No,EVET,No,Yes,2025-Q4
SUP004,Şafak Türk Plastik Ltd. Şti.,Plastik ve Kauçuk,Gaziantep,KÜÇÜK,1988.0,17.0,3269166979,"32.196.475,69","5.198.357,92",34,4.0,119.84,"112,23",,"117,68",2880,258.0,2018-03-04,,60.0,hayır,0.28,0.19,Hayır,EVET,HAYIR,Evet,2025-Q3
SUP039,Yaman Karton Tic.,Ambalaj,Tekirdağ,Small,1985,26.0,9175496515,82380928.47,12011653.14,26,10.0,326.36,"381,85",377.44,443.97,12251,473.0,07.11.2022,27-02-25,45.0,0,0.11,0.54,Hayır,Evet,Hayır,1,2025-Q3
SUP073,Şama Taşımacılık Tic.,Lojistik,KAYSERI,KÜÇÜK,2009,35.0,6240415740,"98.403.426,68",19647064.74,29,7.0,401.17,"396,48",387.71,"397,05",4184,218.0,24/03/2017,09.07.2026,90.0,0,"0,12",0.53,false,true,Hayır,EVET,2025-Q1
SUP076,İhsanoğlu Nakliyat Ltd. Şti.,  Lojistik  ,Sakarya,MİKRO,2012.0,,9516122752,"1.570.144,23","155.049,04",19,,"43,63","35,98",36.93,"38,93",2335,302.0,11.12.2018,25-03-26,45.0,1,"0,11","0,59",,0,Evet,evet,2025-Q1
SUP017,Durmuş Makine San. Tic. Ltd. Şti.,MAKINE İMALAT,Kocaeli,ORTA,1990,171.0,2769367632,"563.906.808,92",55607820.24,61,8.0,"129,48","141,68",139.11,139.07,96356,17093.0,18/02/2023,10.11.2024,45.0,No,"0,09","0,53",0,Yes,No,Yes,2025-Q1
SUP067,Akcay Firat Karton Ltd. Sti.,AMBALAJ,Ankara,mikro,2017,2.0,6371473217,"3.731.829,40",347435.58,18,4.0,102.48,106.21,"114,57","105,96",4066,547.0,2023-01-17,16.08.2025,30.0,No,"0,15","0,69",No,No,HAYIR,No,2025-Q1
SUP030,Alemdar Türk Yapı Ltd. Şti.,İnşaat Malzemeleri,Antalya,KÜÇÜK,2002,46.0,1278742962,49398297.72,8759979.63,29,9.0,"210,36","227,05",256.93,244.91,9223,1705.0,2017-08-23,,,HAYIR,0.12,"1,03",No,Yes,No,HAYIR,2025-Q2
SUP008,Dumanli Metal San. Tic. Ltd. Sti.,Metal ve Çelik,Konya,Medium,2003.0,85.0,7247317816,,78846448.80,94,33.0,"595,90",608.29,583.47,"591,60",63883,5329.0,30-10-23,28-02-25,30.0,false,0.17,0.67,false,true,hayır,,2025-Q1
SUP053,ARSOY MOBILYA TIC.,Mobilya,  Eskişehir  ,küçük,1994.0,32.0,5629148653,40118441.25,4508512.49,13,0.0,"284,12",266.62,"279,53",284.68,12821,2467.0,28.01.2020,,45.0,Hayır,0.17,"0,89",hayır,true,No,evet,2025-Q2
SUP074,Yüksel Kimya San. Tic. Ltd. Şti.,Kimya,denizli,Orta,2005,75.0,3082677344,198303923.41,,126,,"319,81",356.16,,326.62,105306,7394.0,24-11-17,,60.0,Yes,,"0,53",false,HAYIR,HAYIR,,2025-Q4
SUP048,Şafak Metal Ltd. Şti.,metal ve çelik,Mersin,Küçük,1993.0,26.0,5510762292,"71.063.762,93",,35,2.0,146.95,"136,99","160,75",142.77,2165,181.0,2018-08-04,25/04/2025,45.0,,0.25,0.65,HAYIR,false,evet,HAYIR,2025-Q4
SUP044,ertaş plastik ltd. şti.,Plastik ve Kauçuk,İstanbul,küçük,2011.0,,8661565458,"44.281.395,89",6354000.82,48,6.0,"297,76","359,45",313.06,,8810,186.0,09.03.2023,,45.0,Hayır,0.22,0.28,HAYIR,evet,hayır,true,2025-Q4
SUP078,Seven Akar Yapı San. ve Tic. A.Ş.,İnşaat Malzemeleri,ADANA,Medium,1979,194.0,2088348224,781615470.97,95575391.76,129,2.0,"1.057,26","1.122,59","1.100,04","1.073,40",81989,3074.0,26-09-24,30-05-26,60.0,No,0.06,,HAYIR,Yes,false,true,2025-Q1
SUP061,Erdoğan İnönü Oto Yedek Parça San. Tic. Ltd. Şti.,OTOMOTIV YAN SANAYI,Kayseri,ORTA,2003,60.0,6964016585,262410837.34,,90,23.0,1170.40,"1.274,81",1177.49,1356.26,91779,5980.0,2024-12-16,05-06-26,45.0,,"0,10",,0,,,,2025-Q2
SUP029,hayrioğlu makine tic.,  Makine İmalat  ,İSTANBUL,KÜÇÜK,,27.0,3102499479,"16.406.178,41",1251189.04,29,11.0,"358,83",397.07,"350,57",336.15,12025,722.0,05.06.2020,23-02-26,30.0,hayır,"0,10","0,15",No,EVET,,Yes,2025-Q3
SUP085,Safak Nakliyat Ltd. Sti.,  Lojistik  ,Sakarya,Küçük,1987,46.0,4604899647,"42.368.015,62","10.931.646,08",52,17.0,129.10,"132,43",137.34,,5490,1001.0,2024-04-28,27.12.2024,45.0,0,0.19,"0,45",,Evet,hayır,Yes,2025-Q3
SUP061,erdoğan i̇nönü oto yedek parça san. tic. ltd. şti.,otomotiv yan sanayi,,ORTA,2003,60.0,6464016585,"262.410.837,34","13.416.357,25",95,22.0,"1.156,56",1181.66,1217.37,1259.91,88964,6740.0,16.12.2024,05-06-26,45.0,HAYIR,"0,09",0.33,hayır,Evet,false,evet,2025-Q1
SUP017,Durmuş Makine San. Tic. Ltd. Şti.,  Makine İmalat  ,  Kocaeli  ,Medium,,171.0,2769367632,"563.906.808,92",57517284.05,60,8.0,"129,95",151.53,132.53,143.88,91320,,18.02.2023,10-11-24,45.0,No,"0,08","0,47",Hayır,Evet,false,true,2025-Q2
SUP018,Sener Mansiz Otomotiv Tic.,OTOMOTIV YAN SANAYI,Denizli,Micro,2019,6.0,8981872771,8139043.63,"1.707.858,25",34,8.0,"48,61","53,54","76,87","64,46",4205,617.0,05-09-21,16.06.2026,60.0,HAYIR,,0.92,HAYIR,1,Yes,Hayır,2025-Q4
SUP010,Şafak Mobilya Tic.,Mobilya,Kayseri,Mikro,,1.0,2699854355,5545698.29,399618.77,20,5.0,194.38,,"170,04",181.74,4261,554.0,30-05-19,2026-03-06,45.0,HAYIR,"0,25",,0,EVET,Evet,0,2025-Q2
SUP030,Alemdar Türk Yapı Ltd. Şti.,i̇nşaat malzemeleri,Antalya,küçük,2002.0,46.0,1278742962,"49.398.297,72","8.816.638,88",28,10.0,199.00,244.87,"266,77",237.04,8921,1985.0,2017-08-23,06/03/2025,,No,0.13,"0,91",No,Yes,HAYIR,0,2025-Q3
SUP063,AKSU SAN. VE TIC. A.Ş.,OTOMOTIV YAN SANAYI,  Trabzon  ,Large,1978,609.0,6518844229,"4.123.911.786,84",359792785.12,238,87.0,"1.212,79","1.244,50","1.240,54","1.172,08",826942,61176.0,11-10-24,2025-11-11,60.0,evet,"0,13",0.37,No,1,Hayır,1,2025-Q2
SUP018,Şener Mansız Otomotiv Tic.,otomotiv yan sanayi,DENIZLI,Micro,2019.0,6.0,8986872771,8139043.63,2106169.07,29,11.0,"56,07","59,30","66,96",63.88,3582,538.0,05/09/2021,16/06/2026,60.0,No,"0,25","0,98",No,evet,false,false,2025-Q1
SUP025,ÜLKER ASLAN AMBALAJ SAN. VE TIC. A.Ş.,Ambalaj,Adana,ORTA,2005,191.0,9568557440,"528.483.799,71","57.952.443,16",111,31.0,314.77,"298,45","299,32","284,40",109374,1827.0,26.09.2022,19.02.2025,60.0,evet,0.14,0.21,,HAYIR,Hayır,EVET,2025-Q1
SUP021,Arslan Çorlu Kauçuk Tic.,plastik ve kauçuk,ÇORUM,Küçük,2011,26.0,2708053107,22212953.85,"3.134.795,86",12,7.0,226.96,"286,25",279.93,232.64,2017,160.0,27-07-20,2026-05-03,30.0,Hayır,"0,20",,EVET,Evet,0,Yes,2025-Q4
SUP059,Durdu Kaucuk Ltd. Sti.,Plastik ve Kauçuk,Konya,Small,2006,21.0,8722170439,,"2.388.020,38",33,9.0,103.54,"107,67",,108.26,6059,2091.0,2020-10-15,23-07-26,30.0,Hayır,"0,17","0,49",HAYIR,EVET,Hayır,1,2025-Q2
SUP053,Arsoy Mobilya Tic.,Mobilya,eskişehir,KÜÇÜK,1994,32.0,5629148653,40118441.25,"4.163.445,55",13,0.0,300.92,"259,49",299.97,262.60,13942,3037.0,28/01/2020,2025-01-06,45.0,hayır,0.22,"0,88",HAYIR,evet,false,true,2025-Q3
SUP081,Şensoy Şensoy Kimya San. Tic. Ltd. Şti.,KIMYA,Sakarya,orta,,111.0,4119079036,481715226.76,32439130.09,115,23.0,"956,79",961.50,"827,65","1.059,48",98370,11272.0,12.08.2017,15-02-26,30.0,Hayır,"0,05","0,16",hayır,Evet,No,evet,2025-Q3
SUP014,Akdeniz Ergül İnşaat Malzemeleri San. ve Tic. A.Ş.,İnşaat Malzemeleri,i̇stanbul,Large,1951,2953.0,4654145862,"5.908.947.316,98",206503713.04,227,1.0,930.74,1014.75,827.80,"990,04",395127,47679.0,03.05.2018,,60.0,0,0.13,0.17,false,evet,hayır,evet,2025-Q4
SUP042,Aksu Çetin Elektronik San. ve Tic. A.Ş.,Elektronik,  Denizli  ,Medium,1976,83.0,1539502409,"309.698.811,14",31985947.57,114,18.0,960.89,"988,83","839,05",800.32,35052,7854.0,17/04/2019,10.01.2026,,false,0.06,"0,31",No,Yes,No,Yes,2025-Q3
SUP078,SEVEN AKAR YAPI SAN. VE TIC. A.Ş.,İnşaat Malzemeleri,Adana,orta,1979,194.0,2088398224,781615470.97,"91.480.820,73",125,2.0,1173.61,1091.16,"1.126,67","1.009,30",78034,2658.0,26/09/2024,30.05.2026,60.0,hayır,0.05,"0,17",hayır,true,No,1,2025-Q3
SUP068,YÜKSEL BILGIN MOBILYA TIC.,MOBILYA,İzmir,küçük,1986,15.0,7873395006,91207974.44,19679737.07,36,11.0,372.34,"420,98","379,79",370.48,4885,534.0,16-05-24,2024-12-12,60.0,0,"0,22","0,52",EVET,evet,Hayır,,2025-Q2
SUP040,çorlu i̇nönü lojistik san. ve tic. a.ş.,Lojistik,DENIZLI,Orta,1981,110.0,9267586926,156895337.04,"19.876.104,10",70,31.0,278.70,275.32,255.76,242.15,76196,4361.0,12-05-25,28-09-25,90.0,hayır,0.11,0.74,false,,false,Evet,2025-Q3
SUP020,Ülker Mobilya Ltd. Şti.,Mobilya,İzmir,Small,2012,,1656272985,"78.903.511,85",8970053.14,54,12.0,,320.66,322.98,332.94,820,106.0,2017-11-16,2024-10-15,30.0,HAYIR,,"0,62",Evet,Evet,Hayır,,2025-Q1
SUP025,Ülker Aslan Ambalaj San. ve Tic. A.Ş.,Ambalaj,  Adana  ,ORTA,2005.0,,9568557440,"528.483.799,71","51.039.894,38",102,26.0,"331,85",280.87,315.05,"295,60",114574,2348.0,26-09-22,19-02-25,60.0,true,"0,15","0,16",0,HAYIR,false,true,2025-Q3
SUP080,seven ertaş karton tic.,AMBALAJ,Manisa,Mikro,,2.0,9251286820,7805234.59,"2.183.501,15",6,2.0,94.08,102.67,"108,82",106.00,2451,312.0,20.09.2022,2025-08-05,45.0,hayır,"0,23",0.20,0,true,,1,2025-Q1
SUP067,Akçay Fırat Karton Ltd. Şti.,Ambalaj,Ankara,MİKRO,2017,2.0,6371473217,"3.731.829,40","293.784,14",17,4.0,,99.79,95.77,105.28,4741,572.0,17-01-23,,,0,0.13,0.58,No,Hayır,hayır,No,2025-Q4
SUP019,Akar Kimya San. Tic. Ltd. Şti.,kimya,manisa,ORTA,1984,230.0,4146587605,664073593.28,32170143.79,138,7.0,,738.51,769.54,763.43,111931,356.0,05.11.2022,02.12.2025,45.0,No,"0,13","0,64",Hayır,evet,HAYIR,EVET,2025-Q1
SUP056,İhsanoğlu Gıda San. ve Tic. A.Ş.,gıda ve i̇çecek,ankara,ORTA,1984,161.0,2375060682,886705250.55,"83.522.484,40",74,1.0,"867,88","768,85","700,43","679,88",17143,2742.0,09.01.2017,2024-12-05,60.0,Yes,0.09,"0,16",No,1,Hayır,1,2025-Q2
SUP068,  Yüksel Bilgin Mobilya Tic.  ,Mobilya,İzmir,KÜÇÜK,1986.0,,7373395006,"91.207.974,44","20.536.986,76",34,8.0,415.54,"382,98","359,15","419,03",5839,428.0,16.05.2024,12.12.2024,60.0,,,"0,40",1,1,false,hayır,2025-Q4
SUP032,ÇAMURCUOĞLU AMBALAJ LTD. ŞTI.,Ambalaj,Istanbul,küçük,,15.0,4171274842,59429767.52,"13.911.795,86",58,21.0,97.70,"97,02","97,93","113,02",1345,56.0,2017-10-26,20-02-25,90.0,hayır,0.11,"0,54",0,Yes,evet,Evet,2025-Q1
SUP073,Şama Taşımacılık Tic.,lojistik,KAYSERI,küçük,2009.0,35.0,6240415740,"98.403.426,68","16.997.429,68",29,8.0,411.17,"369,24","397,02",364.64,3989,204.0,24/03/2017,09-07-26,90.0,0,"0,11",0.58,No,Evet,No,Evet,2025-Q3
SUP065,İhsanoğlu Lojistik Ltd. Şti.,Lojistik,  Trabzon  ,küçük,1999,32.0,9414384245,"96.963.815,25",10556143.18,48,5.0,"90,06","87,29","87,36","94,74",9978,430.0,22-11-23,,30.0,,"0,12",0.22,hayır,0,evet,0,2025-Q3
SUP079,ülker şafak plastik tic.,Plastik ve Kauçuk,Gaziantep,küçük,1986,35.0,5039106517,"18.184.748,00","2.498.430,51",21,1.0,"233,58",219.39,"234,34",235.05,11357,1420.0,19.04.2018,24/11/2024,30.0,No,"0,18","0,31",HAYIR,Yes,,evet,2025-Q2
SUP077,ÇETIN AMBALAJ TIC.,AMBALAJ,  Tekirdağ  ,küçük,2017,29.0,2459332728,37175125.57,"6.859.550,21",55,16.0,371.68,,378.28,"342,63",4492,204.0,25-09-24,17/03/2025,90.0,false,,0.51,1,evet,0,hayır,2025-Q3
SUP064,Bilge Elektronik Ltd. Şti.,Elektronik,Trabzon,Micro,2023,8.0,9669125171,5193208.41,858781.49,32,7.0,"56,49","49,95","56,41","46,02",1352,289.0,15.03.2021,24/10/2025,90.0,hayır,0.15,0.88,HAYIR,EVET,EVET,hayır,2025-Q2
SUP008,  Dumanlı Metal San. Tic. Ltd. Şti.  ,  Metal ve Çelik  ,Konya,Medium,2003,85.0,7247314816,"756.168.264,51","78.078.572,60",97,23.0,636.34,"591,71","578,60",,64988,5731.0,30/10/2023,28-02-25,30.0,hayır,0.17,,0,Yes,0,true,2025-Q3
SUP060,Gül Metal San. ve Tic. A.Ş.,Metal ve Çelik,BALIKESIR,Orta,,161.0,7765277583,"833.865.472,59",,79,10.0,"486,47","484,85",501.09,503.37,77552,13121.0,2018-01-12,,60.0,false,"0,20","0,51",Hayır,evet,,EVET,2025-Q1
SUP027,ertaş kısakürek i̇çecek san. tic. ltd. şti.,Gıda ve İçecek,Tekirdag,ORTA,2006,68.0,1229413184,885447761.50,78894992.30,132,4.0,699.95,"679,94","659,44","669,40",97811,14405.0,09-11-20,2025-01-14,90.0,false,,"0,26",No,Yes,hayır,false,2025-Q2
SUP048,  Şafak Metal Ltd. Şti.  ,Metal ve Çelik,Mersin,KÜÇÜK,,26.0,5510762262,"71.063.762,93","10.129.021,84",34,2.0,,151.84,148.16,136.10,2142,184.0,04.08.2018,,45.0,HAYIR,"0,24",0.73,0,No,false,,2025-Q2
SUP016,demir kimya tic.,kimya,ÇORUM,MİKRO,2000,5.0,5369957773,"3.598.737,60",932657.92,21,7.0,,"131,75",139.46,138.23,2633,95.0,2024-07-04,31/10/2025,45.0,HAYIR,"0,17",0.30,No,No,HAYIR,,2025-Q1
SUP007,Şensoy Elektronik Tic.,Elektronik,Bursa,Küçük,2002.0,41.0,4829973768,"62.947.784,66","5.075.180,32",24,2.0,,"135,21",126.59,,1549,119.0,2020-01-28,20-03-26,45.0,true,0.09,0.32,false,,No,EVET,2025-Q1
SUP043,erdoğan kısakürek makine i̇malat tic.,Makine İmalat,Bursa,Small,1988,40.0,7617711595,"42.583.507,64",6812975.22,15,3.0,"216,82","175,71",175.68,204.54,7766,1177.0,16.11.2023,17.12.2025,45.0,EVET,"0,06","0,25",HAYIR,true,Hayır,,2025-Q4
SUP050,i̇nönü kimyasal ürünler ltd. şti.,  Kimya  ,Adana,küçük,2001.0,22.0,3921277997,"80.120.608,17",4119469.68,49,23.0,"108,09",96.59,83.82,105.72,6305,264.0,04/03/2021,03-10-25,90.0,0,0.11,0.69,0,Evet,hayır,1,2025-Q3
SUP009,BILGE YILMAZ KONFEKSIYON TIC.,Tekstil,ŞANLIURFA,Small,,28.0,7872343098,"24.967.999,95","3.675.439,08",16,2.0,"376,63",357.10,,382.39,11611,1589.0,04.06.2021,2026-05-31,30.0,HAYIR,0.37,"0,17",No,Yes,true,Yes,2025-Q2
SUP031,Aslan Yapi Tic.,İnşaat Malzemeleri,KOCAELI,KÜÇÜK,2005,17.0,7808760384,87195978.50,,31,3.0,"288,69","248,50",245.07,"254,30",5760,1147.0,22/01/2022,18.07.2025,60.0,0,0.28,0.24,false,evet,No,true,2025-Q1
SUP023,Şener Karadeniz Kauçuk Ltd. Şti.,Plastik ve Kaucuk,Aydın,Küçük,2016.0,16.0,7572228493,98545991.64,"19.924.006,54",48,17.0,"69,37",66.79,"63,84","66,06",13697,1421.0,03.06.2021,28.08.2025,90.0,,"0,18",0.70,HAYIR,evet,false,Evet,2025-Q1
SUP035,eraslan yaman kauçuk tic.,PLASTIK VE KAUÇUK,Van,mikro,2015.0,9.0,1903431616,9707434.49,1312358.18,8,0.0,93.54,"93,34",114.38,"98,14",872,51.0,2024-07-01,,30.0,0,0.14,0.58,No,EVET,HAYIR,Evet,2025-Q4
SUP045,Bilge Otomotiv Tic.,OTOMOTIV YAN SANAYI,eskişehir,Small,2012,13.0,5945198329,"77.013.007,23",8924284.87,16,2.0,"186,39",181.60,196.62,"148,27",1968,,20-12-20,13.11.2025,90.0,hayır,0.27,"0,50",Hayır,HAYIR,hayır,Evet,2025-Q4
SUP057,Karadeniz Sezgin Çelik Grup A.Ş.,Metal ve Çelik,Kocaeli,BÜYÜK,,2770.0,1104328985,"1.693.581.870,75",99248674.27,214,50.0,1568.12,"1.589,19",1719.26,1732.18,109556,7462.0,13-11-22,2026-07-24,90.0,Yes,"0,03",0.36,HAYIR,evet,false,EVET,2025-Q1
SUP016,Demir Kimya Tic.,kimya,Corum,Micro,2000.0,5.0,5369957773,"3.598.737,60","986.109,50",23,6.0,"148,27","121,81","156,95","132,64",2691,82.0,04/07/2024,31/10/2025,45.0,HAYIR,"0,16","0,17",No,hayır,No,No,2025-Q3
SUP011,Manco Plastik Tic.,Plastik ve Kauçuk,Kayseri,mikro,2002,4.0,6447849809,,"548.463,49",14,4.0,70.76,67.13,"66,97","64,82",3845,754.0,2022-06-25,13.04.2025,60.0,HAYIR,0.12,0.34,No,Yes,No,HAYIR,2025-Q1
SUP060,GÜL METAL SAN. VE TIC. A.Ş.,METAL VE ÇELIK,Balikesir,ORTA,1998,161.0,7765277583,"833.865.472,59","69.089.314,29",65,11.0,522.07,"463,22","436,49","472,46",75155,13243.0,12-01-18,2024-11-15,60.0,0,,0.53,,true,No,HAYIR,2025-Q3
SUP070,Bilgin Yılmaz Demir Çelik Tic.,Metal ve Celik,gaziantep,Micro,2014,3.0,9259526940,"3.973.260,55",426675.76,30,7.0,118.75,125.44,122.94,"119,89",2846,101.0,09/08/2020,11.12.2025,,0,0.32,0.38,false,EVET,evet,No,2025-Q3
SUP082,Gülen Elektrik Ltd. Şti.,Elektronik,Adana,KÜÇÜK,2018.0,24.0,7440892684,22612201.76,"5.620.632,62",58,7.0,"324,59",319.54,333.70,"346,03",14651,1272.0,14/05/2018,27.10.2024,90.0,1,0.10,0.31,HAYIR,1,hayır,1,2025-Q1
SUP069,yıldırım plastik san. ve tic. a.ş.,Plastik ve Kauçuk,DENIZLI,ORTA,1987,,9416878495,"107.359.665,35","3.007.427,25",131,3.0,"389,90","344,22",401.70,"476,52",69315,9964.0,12.10.2017,30/05/2025,30.0,EVET,"0,10","0,07",HAYIR,evet,0,evet,2025-Q4
SUP033,şensoy soylu elektrik san. ve tic. a.ş.,Elektronik,Aydın,Büyük,1950,1408.0,5997278753,"2.334.272.596,64","124.171.627,28",326,15.0,"721,08","720,30","751,36","759,08",678316,18935.0,2022-01-17,2025-02-22,60.0,Yes,0.14,"0,26",0,Yes,No,,2025-Q3
SUP063,Aksu San. ve Tic. A.Ş.,otomotiv yan sanayi,Trabzon,Large,1978,609.0,6518824229,,"343.481.725,18",235,102.0,1181.86,1298.06,1330.82,,872185,46788.0,11-10-24,11-11-25,60.0,Yes,0.17,0.37,HAYIR,true,0,Yes,2025-Q3
SUP083,bilge sakarya plastik tic.,plastik ve kauçuk,Adana,KÜÇÜK,2014,13.0,9668826348,38686101.16,"5.046.573,98",52,15.0,346.48,317.08,343.08,315.50,6926,1490.0,19/06/2022,2026-05-24,45.0,,0.13,"0,32",hayır,,HAYIR,,2025-Q2
SUP051,Camurcuoglu Sakarya Plastik San. ve Tic. A.S.,plastik ve kauçuk,  Gaziantep  ,ORTA,2004.0,165.0,1054119980,"973.875.757,79","55.504.544,99",116,,"392,23",415.71,"432,33",409.27,107868,22588.0,25-09-19,2025-10-09,90.0,0,"0,25",0.74,Hayır,1,HAYIR,Yes,2025-Q3
SUP010,  Şafak Mobilya Tic.  ,Mobilya,  Kayseri  ,Mikro,2007,1.0,2699854355,5545698.29,408794.78,18,6.0,"197,39",183.63,170.46,"174,24",3957,534.0,30.05.2019,06-03-26,45.0,0,0.21,"0,42",0,Evet,,hayır,2025-Q3
SUP008,dumanlı metal san. tic. ltd. şti.,Metal ve Çelik,Konya,Orta,2003,85.0,7247317816,"756.168.264,51","73.779.017,19",97,27.0,"589,68","603,79","625,84",627.18,60860,5331.0,30.10.2023,2025-02-28,30.0,Hayır,"0,22","0,81",hayır,Evet,No,,2025-Q2
SUP070,Bilgin Yılmaz Demir Çelik Tic.,METAL VE ÇELIK,GAZIANTEP,Mikro,2014,3.0,9259526940,3973260.55,"370.626,57",30,9.0,126.06,125.04,125.15,,2877,165.0,09/08/2020,2025-12-11,60.0,Hayır,0.32,"0,35",,1,true,HAYIR,2025-Q1
SUP068,Yüksel Bilgin Mobilya Tic.,Mobilya,İzmir,KÜÇÜK,1986.0,15.0,7873365006,"91.207.974,44",20447080.59,33,10.0,398.99,"400,83",368.50,"398,02",5343,478.0,16-05-24,12.12.2024,60.0,,0.22,0.55,evet,Yes,No,0,2025-Q3
SUP012,Şama İçecek Tic.,Gıda ve İçecek,İzmir,mikro,,7.0,5005242782,"7.552.958,50","771.422,75",12,5.0,"176,59","172,47",162.01,182.87,1060,213.0,09.05.2020,26.04.2026,90.0,Hayır,"0,24",,0,,1,evet,2025-Q2
SUP031,Aslan Yapi Tic.,  İnşaat Malzemeleri  ,Kocaeli,Küçük,,17.0,7808760384,"87.195.978,50","8.946.860,84",35,4.0,315.39,"255,97",216.55,226.67,5689,1125.0,22-01-22,18.07.2025,60.0,Hayır,,"0,33",HAYIR,evet,HAYIR,evet,2025-Q4
SUP013,kısakürek makine tic.,Makine İmalat,Bursa,mikro,2021,2.0,6869232261,"4.007.551,85",811086.72,9,1.0,"17,90","17,29","18,16",16.97,4899,118.0,07/06/2018,21-11-24,30.0,false,"0,14",0.55,Hayır,HAYIR,,true,2025-Q2
SUP011,Manço Plastik Tic.,plastik ve kauçuk,  Kayseri  ,Micro,,4.0,6427849809,"7.642.712,68","493.294,89",15,4.0,"75,53",67.90,"61,81","61,66",3821,976.0,,13-04-25,60.0,Hayır,"0,07",0.29,Hayır,,Hayır,hayır,2025-Q3
SUP069,Yildirim Plastik San. ve Tic. A.S.,Plastik ve Kaucuk,Denizli,orta,1987.0,142.0,9416878495,107359665.35,"2.689.315,79",126,6.0,363.81,374.61,390.87,444.82,71680,8646.0,12.10.2017,30-05-25,30.0,1,"0,17",0.07,0,EVET,Hayır,1,2025-Q1
SUP024,ARSOY MOBILYA SAN. VE TIC. A.Ş.,Mobilya,  Konya  ,orta,1986.0,174.0,4545494842,847657917.00,18761048.00,74,27.0,"989,53","925,32","1.018,99","1.072,89",52245,7364.0,24/11/2022,14.01.2025,45.0,Evet,"0,08",,Hayır,true,Hayır,Evet,2025-Q1
SUP038,Zengin Gülen Plastik Tic.,Plastik ve Kauçuk,Kocaeli,KÜÇÜK,2008,18.0,2456232859,78001959.14,"15.510.188,05",22,4.0,"118,21","119,68","121,63",112.32,10672,1079.0,25-12-23,08/08/2026,60.0,Hayır,0.09,"0,35",false,Hayır,true,evet,2025-Q1
SUP038,Zengin Gülen Plastik Tic.,Plastik ve Kauçuk,Kocaeli,Küçük,2008,18.0,2456232859,"78.001.959,14",15108694.04,23,5.0,"120,11",112.42,"131,05","117,40",10346,1040.0,25/12/2023,08.08.2026,60.0,HAYIR,0.09,0.31,Hayır,No,Yes,evet,2025-Q2
SUP068,  Yüksel Bilgin Mobilya Tic.  ,Mobilya,İzmir,Küçük,1986.0,15.0,7873395006,91207974.44,"19.059.285,89",36,9.0,380.95,427.95,"399,62",394.32,4567,546.0,16.05.2024,12/12/2024,60.0,HAYIR,0.21,0.50,No,1,0,Hayır,2025-Q1
SUP017,Durmuş Makine San. Tic. Ltd. Şti.,Makine İmalat,Kocaeli,ORTA,1990.0,,2769267632,"563.906.808,92",59734187.14,65,6.0,135.12,160.72,139.46,143.63,88240,14920.0,18.02.2023,10.11.2024,45.0,hayır,,,false,true,HAYIR,,2025-Q4
SUP069,Yildirim Plastik San. ve Tic. A.S.,Plastik ve Kauçuk,Denizli,Medium,1987,142.0,9416878495,"107.359.665,35","2.904.746,68",128,5.0,379.24,357.06,373.11,471.13,69222,7122.0,2017-10-12,30/05/2025,30.0,true,"0,12",0.08,hayır,evet,false,Evet,2025-Q2
SUP041,Demir Mobilya San. Tic. Ltd. Şti.,  Mobilya  ,Sakarya,ORTA,1982,166.0,2390053293,433476962.86,31184906.67,83,26.0,"78,87",94.90,88.37,"87,58",48445,7437.0,2017-06-29,10/07/2026,45.0,Evet,,0.27,hayır,Yes,0,EVET,2025-Q2
SUP062,ÜLKER MOBILYA TIC.,  Mobilya  ,Van,Micro,2002,3.0,9565431027,1138716.95,333168.02,25,15.0,16.72,15.32,16.55,"15,62",3820,539.0,31/10/2018,18/12/2024,90.0,HAYIR,"0,25",0.41,hayır,true,HAYIR,evet,2025-Q2
SUP026,Şener Aksu Demir Çelik San. ve Tic. A.Ş.,Metal ve Çelik,Çorum,orta,1987,125.0,4524082408,,,52,8.0,553.21,662.97,551.73,616.59,107027,12666.0,,,30.0,false,0.27,0.23,hayır,Evet,0,Yes,2025-Q3
SUP002,bilgin yaman çelik ltd. şti.,Metal ve Celik,Corum,MİKRO,2020,6.0,4103413163,"3.910.304,11",557732.64,8,3.0,80.70,"83,47",72.25,"84,20",893,60.0,15-05-21,19-03-25,60.0,No,"0,16",0.37,hayır,0,0,hayır,2025-Q2
SUP033,Şensoy Soylu Elektrik San. ve Tic. A.Ş.,elektronik,Aydın,Large,1950,1408.0,5997278753,"2.334.272.596,64",135159382.31,341,15.0,"767,01","673,41","762,66",772.88,675974,14495.0,17/01/2022,22/02/2025,60.0,1,0.11,"0,33",false,1,false,1,2025-Q4
SUP079,ülker şafak plastik tic.,Plastik ve Kauçuk,gaziantep,Small,1986.0,35.0,5035106517,,"2.394.540,73",21,1.0,230.43,"231,32",,,10291,1605.0,19-04-18,,30.0,0,0.16,0.32,0,Yes,HAYIR,true,2025-Q3
SUP034,Çamurcuoğlu Şensoy Karton Tic.,Ambalaj,şanlıurfa,küçük,1994,41.0,1289517184,72774858.49,"10.321.260,56",29,4.0,86.78,"87,52",71.49,"87,73",11917,808.0,04.06.2023,29.07.2026,,Evet,"0,13",0.71,Evet,true,Evet,Yes,2025-Q4
SUP073,Şama Taşımacılık Tic.,  Lojistik  ,KAYSERI,küçük,2009,35.0,6240415740,"98.403.426,68",18055989.79,31,8.0,"382,88","393,41",370.87,"386,82",4145,209.0,24.03.2017,09/07/2026,90.0,No,0.11,0.59,No,Yes,0,1,2025-Q2
SUP004,Şafak Türk Plastik Ltd. Şti.,  Plastik ve Kauçuk  ,Gaziantep,Küçük,1988.0,17.0,3269166979,32196475.69,5136080.99,36,5.0,112.81,121.08,103.32,118.25,2597,277.0,04.03.2018,12-12-25,60.0,false,"0,31","0,20",hayır,Evet,hayır,1,2025-Q4
SUP084,Akar Ambalaj Tic.,Ambalaj,DENIZLI,mikro,2009,1.0,4317393637,8379359.71,"587.498,36",15,2.0,106.78,103.75,"109,79",123.13,784,100.0,2020-12-03,2025-02-05,60.0,false,0.21,0.34,0,Evet,EVET,hayır,2025-Q2
SUP064,Bilge Elektronik Ltd. Şti.,  Elektronik  ,  Trabzon  ,MİKRO,2023,,9669125171,,"881.779,81",33,6.0,57.56,"52,33","58,33",42.94,1259,320.0,2021-03-15,24-10-25,90.0,hayır,,0.78,HAYIR,0,Evet,HAYIR,2025-Q3
SUP047,Şensoy Şama İplik San. Tic. Ltd. Şti.,TEKSTIL,ADANA,orta,1985,243.0,1147679763,438574965.13,"34.129.764,21",45,12.0,"748,29","686,68",702.67,657.85,102914,8123.0,25.03.2021,,60.0,true,"0,19",,Hayır,Yes,HAYIR,EVET,2025-Q4
SUP002,Bilgin Yaman Çelik Ltd. Şti.,Metal ve Çelik,Corum,Mikro,2020,6.0,4103413163,"3.910.304,11","603.002,50",8,4.0,82.10,79.57,"77,94","75,12",848,67.0,2021-05-15,19.03.2025,60.0,HAYIR,0.13,0.43,No,evet,No,hayır,2025-Q4
SUP045,bilge otomotiv tic.,  Otomotiv Yan Sanayi  ,eskişehir,KÜÇÜK,,13.0,5945198329,77013007.23,9125569.65,14,2.0,,"179,01",192.67,"154,78",2134,344.0,20/12/2020,2025-11-13,90.0,hayır,"0,19","0,36",HAYIR,false,hayır,,2025-Q2
SUP039,Yaman Karton Tic.,AMBALAJ,Tekirdağ,KÜÇÜK,1985.0,,9165496515,"82.380.928,47",10959374.28,28,9.0,"337,06","358,16","376,81",383.21,12731,411.0,07/11/2022,27/02/2025,45.0,Hayır,"0,09","0,57",No,Evet,No,evet,2025-Q1
SUP001,Korutürk Tekstil San. Tic. Ltd. Şti.,Tekstil,Manisa,orta,,,4863794023,225584135.67,6243792.08,124,23.0,"307,18","291,53","299,37",301.51,47491,,2018-08-02,,90.0,,0.03,"0,28",0,No,hayır,Hayır,2025-Q4
SUP069,yıldırım plastik san. ve tic. a.ş.,  Plastik ve Kauçuk  ,Denizli,ORTA,1987.0,142.0,9416878495,107359665.35,"2.882.451,14",125,4.0,383.11,"362,33",375.83,484.83,69916,8735.0,12.10.2017,30.05.2025,30.0,1,0.13,0.08,No,true,hayır,evet,2025-Q3
SUP006,YILDIRIM OTOMOTIV LTD. ŞTI.,OTOMOTIV YAN SANAYI,KOCAELI,Small,1995,26.0,9963834653,"82.609.732,43",7840892.49,31,27.0,405.50,362.42,360.91,380.16,14267,3850.0,16/04/2025,,90.0,0,0.16,0.51,false,evet,0,Yes,2025-Q3
SUP028,ŞENER SEZER ELEKTRONIK SAN. TIC. LTD. ŞTI.,Elektronik,Kocaeli,Medium,1980,90.0,4281206799,917653939.86,"49.757.640,11",150,44.0,468.20,482.82,"472,47",514.36,75907,4301.0,14-04-21,,90.0,,"0,18","0,33",hayır,,0,0,2025-Q2
SUP020,ÜLKER MOBILYA LTD. ŞTI.,mobilya,İZMIR,küçük,2012,41.0,1656272985,78903511.85,"8.749.087,29",58,11.0,,"292,23",301.07,"325,35",968,73.0,2017-11-16,2024-10-15,30.0,hayır,0.36,"0,78",EVET,true,false,false,2025-Q4
SUP058,Yorulmaz Kimya Ltd. Şti.,kimya,İSTANBUL,küçük,2007,,7218518881,67505655.90,"12.873.592,94",16,3.0,127.95,134.11,"130,28","122,71",1292,165.0,03-12-21,14-03-25,,Hayır,0.14,0.40,HAYIR,HAYIR,false,Yes,2025-Q3
SUP033,  Şensoy Soylu Elektrik San. ve Tic. A.Ş.  ,Elektronik,,büyük,1950,1408.0,5997278753,2334272596.64,"114.716.166,51",357,18.0,756.50,741.04,732.35,"756,00",704560,22633.0,17/01/2022,,60.0,1,"0,15","0,29",0,evet,0,1,2025-Q2
SUP064,Bilge Elektronik Ltd. Şti.,Elektronik,TRABZON,Mikro,2023,8.0,9669125171,"5.193.208,41","810.398,35",35,6.0,58.16,56.33,"59,92",41.83,1265,352.0,15/03/2021,24/10/2025,90.0,hayır,0.18,0.67,false,0,Yes,0,2025-Q4
SUP073,  Şama Taşımacılık Tic.  ,Lojistik,kayseri,Küçük,2009.0,35.0,6240415740,"98.403.426,68",17565678.36,32,8.0,423.95,"358,75","372,59","356,02",3973,211.0,24/03/2017,,90.0,false,,0.66,hayır,1,0,Yes,2025-Q4
SUP071,Şener Ambalaj Tic.,Ambalaj,Mersin,KÜÇÜK,1999,13.0,8289623090,"83.417.394,99","8.203.978,71",58,0.0,,137.56,"154,66","150,01",10159,,2017-11-25,13.03.2026,30.0,Hayır,0.25,0.46,HAYIR,evet,HAYIR,true,2025-Q3
SUP053,Arsoy Mobilya Tic.,Mobilya,ESKIŞEHIR,küçük,1994.0,32.0,5629148653,"40.118.441,25","4.154.766,51",13,0.0,307.40,"238,93",289.10,"273,57",13018,3439.0,28/01/2020,06/01/2025,45.0,,0.25,0.66,0,true,Hayır,,2025-Q4
SUP080,SEVEN ERTAŞ KARTON TIC.,Ambalaj,  Manisa  ,MİKRO,2012.0,2.0,9251286820,7805234.59,2216585.19,6,2.0,87.64,"108,61",100.85,97.84,2657,368.0,2022-09-20,05-08-25,45.0,No,0.24,"0,22",hayır,,HAYIR,No,2025-Q2
SUP027,Ertaş Kısakürek İçecek San. Tic. Ltd. Şti.,Gıda ve İçecek,tekirdağ,Orta,2006,68.0,1229413184,885447761.50,84927926.31,119,5.0,"700,56",730.71,629.38,"653,64",89019,14368.0,09.11.2020,2025-01-14,90.0,HAYIR,0.13,"0,26",Hayır,evet,No,false,2025-Q3
SUP054,Öcalan Makine İmalat San. Tic. Ltd. Şti.,Makine Imalat,Kayseri,orta,,,5188805923,"703.410.436,07",50408025.24,137,44.0,"159,19","151,54",168.99,166.78,84274,6655.0,10-06-19,02.11.2025,90.0,Yes,,0.64,1,Yes,hayır,Evet,2025-Q3
SUP070,Bilgin Yılmaz Demir Çelik Tic.,METAL VE ÇELIK,Gaziantep,MİKRO,2014.0,3.0,9259526940,3973260.55,"388.544,00",31,7.0,116.27,"130,84","119,90","115,90",2690,128.0,09.08.2020,2025-12-11,60.0,Hayır,0.32,"0,40",false,EVET,EVET,false,2025-Q2
SUP056,İhsanoğlu Gıda San. ve Tic. A.Ş.,Gıda ve İçecek,Ankara,Orta,1984,161.0,2375060682,"886.705.250,55",87202711.09,70,1.0,"932,66",,"699,38",643.79,18154,2289.0,09/01/2017,2024-12-05,60.0,evet,,0.21,hayır,true,Evet,EVET,2025-Q3
SUP003,korutürk gıda san. ve tic. a.ş.,Gıda ve İçecek,sakarya,Medium,2010,106.0,6030564132,340280039.84,"48.024.280,86",87,24.0,279.11,289.36,,"324,43",56566,11771.0,08-06-18,17.02.2026,60.0,Evet,0.09,"0,32",HAYIR,true,false,Evet,2025-Q1
SUP031,Aslan Yapı Tic.,İnşaat Malzemeleri,  Kocaeli  ,Small,2005.0,17.0,7808760384,"87.195.978,50","9.417.951,01",33,,307.04,258.19,244.08,"244,50",5469,1226.0,,18-07-25,60.0,0,0.29,"0,26",false,EVET,HAYIR,Evet,2025-Q2
SUP014,Akdeniz Ergül İnşaat Malzemeleri San. ve Tic. A.Ş.,İnşaat Malzemeleri,Istanbul,Large,1951.0,2953.0,4654145862,"5.908.947.316,98",201556802.69,237,1.0,"957,19","1.006,20","898,54","1.039,84",390148,52862.0,2018-05-03,15-06-25,60.0,Hayır,0.13,"0,16",0,Evet,No,Yes,2025-Q3
SUP055,Hayrioğlu Soylu Makine İmalat Ltd. Şti.,Makine Imalat,  Gaziantep  ,Mikro,2015,4.0,6977468862,915078.07,"128.402,17",28,9.0,130.21,,"147,12","138,43",1538,74.0,13.09.2016,19.12.2025,45.0,No,0.30,"0,72",HAYIR,Yes,hayır,evet,2025-Q3
SUP036,Durmus Tekstil San. Tic. Ltd. Sti.,Tekstil,Manisa,Medium,1990,177.0,3374740742,"364.030.998,37","23.514.667,56",48,4.0,"927,69",935.61,840.73,745.26,48865,10577.0,20.11.2020,11.04.2026,45.0,true,0.21,"0,19",Hayır,EVET,No,evet,2025-Q2
SUP008,DUMANLI METAL SAN. TIC. LTD. ŞTI.,METAL VE ÇELIK,Konya,Orta,2003.0,85.0,7247317816,756168264.51,78649558.33,88,26.0,637.01,603.88,"578,70",661.34,67611,4534.0,,28.02.2025,30.0,No,"0,18","0,61",,true,0,,2025-Q4
SUP040,Corlu Inonu Lojistik San. ve Tic. A.S.,lojistik,DENIZLI,ORTA,1981,110.0,9267586926,"156.895.337,04",19255449.61,71,35.0,"298,30",,"258,33",,72936,4439.0,2025-05-12,28/09/2025,90.0,false,0.11,0.69,HAYIR,true,0,hayır,2025-Q4
SUP043,Erdoğan Kısakürek Makine İmalat Tic.,Makine İmalat,bursa,Small,,40.0,7617711595,42583507.64,6400717.16,14,3.0,210.76,194.62,"188,78","196,32",7794,1266.0,2023-11-16,,45.0,EVET,"0,08","0,42",false,evet,0,Yes,2025-Q2
SUP075,  Soylu Bilir Otomotiv Tic.  ,OTOMOTIV YAN SANAYI,tekirdağ,MİKRO,2023,5.0,1049915474,7517521.96,,25,0.0,"56,99","53,85",50.26,51.97,4803,632.0,2021-06-06,11-02-26,90.0,hayır,"0,12","0,35",Evet,evet,0,true,2025-Q1
SUP030,alemdar türk yapı ltd. şti.,İnşaat Malzemeleri,ANTALYA,Small,2002,46.0,1278742962,49398297.72,"7.981.187,41",27,9.0,"226,67","236,54","243,37","246,63",8699,1573.0,2017-08-23,2025-03-06,90.0,hayır,0.11,"0,81",0,evet,Hayır,,2025-Q1
SUP084,akar ambalaj tic.,AMBALAJ,Denizli,Micro,2009,1.0,4317393637,8379359.71,548521.17,16,2.0,110.12,,118.17,"116,92",857,85.0,03.12.2020,05-02-25,60.0,hayır,0.19,"0,33",HAYIR,1,1,false,2025-Q1
SUP028,Şener Sezer Elektronik San. Tic. Ltd. Şti.,Elektronik,Kocaeli,Orta,1980,90.0,4281206799,"917.653.939,86","46.388.728,58",168,62.0,448.89,508.74,"469,80",,73673,2769.0,14-04-21,29/08/2026,90.0,Evet,0.27,"0,34",hayır,Hayır,HAYIR,false,2025-Q4
SUP023,ŞENER KARADENIZ KAUÇUK LTD. ŞTI.,Plastik ve Kauçuk,Aydın,Küçük,2016,16.0,7572628493,,18817960.05,51,20.0,72.82,"64,30",66.78,"61,92",14717,,03/06/2021,2025-08-28,90.0,HAYIR,0.21,0.68,false,1,Yes,1,2025-Q2
SUP024,Arsoy Mobilya San. ve Tic. A.Ş.,  Mobilya  ,Konya,orta,1986.0,174.0,4545494802,847657917.00,"18.832.478,88",71,28.0,"1.033,24",1016.55,982.67,"1.119,50",49043,11222.0,2022-11-24,14/01/2025,45.0,true,"0,13",,hayır,Evet,Hayır,1,2025-Q3
SUP025,Ülker Aslan Ambalaj San. ve Tic. A.Ş.,AMBALAJ,ADANA,ORTA,,,9668557440,528483799.71,54075652.23,105,23.0,348.64,299.62,"292,66",319.08,108144,,26/09/2022,19.02.2025,60.0,Yes,0.14,0.19,No,hayır,No,1,2025-Q4
SUP049,Yılmaz Demir Çelik San. ve Tic. A.Ş.,METAL VE ÇELIK,Tekirdağ,ORTA,1976,133.0,3975161368,,"1.803.053,07",47,13.0,"912,74",1015.46,"1.033,39","1.059,73",67638,5478.0,2019-05-20,28/08/2025,90.0,HAYIR,0.25,0.11,0,evet,HAYIR,,2025-Q2
SUP015,Türk Gül Kimya Tic.,Kimya,Sakarya,MİKRO,2008,1.0,7088356159,3021930.44,"225.262,38",10,,"171,46",,225.14,"231,24",4837,1131.0,11/03/2021,,60.0,hayır,0.11,"0,45",HAYIR,Yes,evet,1,2025-Q3
SUP075,  Soylu Bilir Otomotiv Tic.  ,OTOMOTIV YAN SANAYI,tekirdağ,Micro,2023,5.0,1049915474,"7.517.521,96","2.307.740,06",28,0.0,"51,45","55,52",45.63,54.06,4437,560.0,06-06-21,,90.0,Hayır,"0,12","0,48",,evet,false,1,2025-Q3
SUP045,Bilge Otomotiv Tic.,Otomotiv Yan Sanayi,eskişehir,küçük,2012,13.0,5945198329,,8624094.38,15,2.0,"182,15","184,81",178.56,"164,84",2027,,20/12/2020,13-11-25,90.0,No,"0,23",0.35,HAYIR,0,Hayır,Evet,2025-Q1
SUP058,  Yorulmaz Kimya Ltd. Şti.  ,  Kimya  ,İstanbul,küçük,2007,25.0,7218518881,67505655.90,11879783.88,17,3.0,,126.32,"137,17","114,95",1349,133.0,03.12.2021,,30.0,No,0.10,,HAYIR,0,Hayır,1,2025-Q4
SUP066,HANÇER GÜLEN MOBILYA TIC.,Mobilya,diyarbakır,mikro,,7.0,1784473642,"7.346.011,30","1.700.907,74",9,5.0,145.01,,142.95,160.22,1502,82.0,11-02-20,,90.0,Hayır,"0,20",,false,Yes,0,HAYIR,2025-Q1
SUP084,  Akar Ambalaj Tic.  ,Ambalaj,Denizli,mikro,2009,1.0,4317393637,"8.379.359,71",640403.07,15,2.0,113.27,"97,00","110,06",118.76,852,93.0,03-12-20,2025-02-05,,No,"0,19",0.24,,1,true,HAYIR,2025-Q3
SUP001,Korutürk Tekstil San. Tic. Ltd. Şti.,Tekstil,Manisa,Medium,1976,193.0,4863794023,"225.584.135,67",,138,29.0,310.80,,"329,98","289,41",49660,5234.0,,29/09/2024,90.0,true,0.04,"0,34",0,false,hayır,No,2025-Q2
SUP017,  Durmuş Makine San. Tic. Ltd. Şti.  ,Makine İmalat,  Kocaeli  ,Orta,1990,171.0,2769367632,563906808.92,56344323.10,61,8.0,"133,67",162.41,129.82,"149,94",92670,16441.0,2023-02-18,10/11/2024,45.0,hayır,0.08,"0,40",0,EVET,false,true,2025-Q3
SUP071,Şener Ambalaj Tic.,ambalaj,Mersin,Small,,13.0,8289623090,83417394.99,9262560.61,55,0.0,"129,39","130,82",,"160,13",9722,202.0,2017-11-25,13-03-26,30.0,false,"0,23","0,68",0,Yes,Hayır,,2025-Q1
SUP075,Soylu Bilir Otomotiv Tic.,Otomotiv Yan Sanayi,TEKIRDAĞ,Mikro,2023.0,5.0,1049915474,"7.517.521,96",2452024.81,27,0.0,55.64,54.52,"47,95","53,27",4538,508.0,2021-06-06,11/02/2026,90.0,,"0,11",,evet,Yes,0,Yes,2025-Q2
SUP013,  Kısakürek Makine Tic.  ,makine i̇malat,Bursa,Mikro,2021.0,2.0,6869232261,4007551.85,864659.48,9,1.0,"16,61",18.48,"18,45",17.42,4569,135.0,07-06-18,21.11.2024,30.0,hayır,,,,false,hayır,,2025-Q1
SUP036,Durmuş Tekstil San. Tic. Ltd. Şti.,Tekstil,Manisa,ORTA,1990,177.0,3374740742,364030998.37,"22.743.838,64",45,4.0,,"872,82",883.21,807.20,52516,13008.0,20.11.2020,11/04/2026,45.0,Evet,"0,21",0.23,Hayır,Yes,,1,2025-Q1
SUP029,hayrioğlu makine tic.,Makine İmalat,İstanbul,Küçük,1994,27.0,3102499479,"16.406.178,41",1334695.73,28,13.0,"373,42",363.46,"354,14","342,39",12017,828.0,05-06-20,23.02.2026,30.0,HAYIR,0.19,,No,Evet,hayır,Yes,2025-Q1
SUP001,Korutürk Tekstil San. Tic. Ltd. Şti.,Tekstil,Manisa,Medium,1976,193.0,4863794023,225584135.67,5719820.21,136,29.0,"293,83","293,43","318,52",285.19,48055,5490.0,02-08-18,29.09.2024,90.0,Evet,0.04,0.25,hayır,,,hayır,2025-Q3
SUP058,YORULMAZ KIMYA LTD. ŞTI.,Kimya,  İstanbul  ,Küçük,2007.0,25.0,7218518881,"67.505.655,90","12.114.824,02",16,4.0,"126,90",145.47,129.67,127.30,1179,218.0,03-12-21,14.03.2025,30.0,hayır,0.12,0.34,false,false,0,,2025-Q2
SUP076,İhsanoğlu Nakliyat Ltd. Şti.,Lojistik,SAKARYA,MİKRO,2012.0,7.0,9516122752,"1.570.144,23","148.369,83",20,5.0,"44,12","35,40","36,11","41,78",2558,280.0,11/12/2018,25-03-26,45.0,Yes,0.13,0.48,hayır,Evet,Evet,Evet,2025-Q3
SUP047,şensoy şama i̇plik san. tic. ltd. şti.,Tekstil,Adana,ORTA,1985.0,243.0,1147679763,438574965.13,"33.279.128,46",48,14.0,723.35,"649,81",689.30,"735,17",113999,9868.0,25.03.2021,29-04-26,60.0,Yes,"0,18","0,78",HAYIR,Yes,0,true,2025-Q2
SUP023,  Şener Karadeniz Kauçuk Ltd. Şti.  ,Plastik ve Kauçuk,,Small,2016,16.0,7572628493,"98.545.991,64",21292804.01,47,18.0,64.96,"65,53","66,97",63.75,15768,2031.0,03/06/2021,28/08/2025,90.0,0,0.29,0.95,1,HAYIR,Evet,EVET,2025-Q4
SUP052,Şener Zorlu Makine İmalat Ltd. Şti.,Makine İmalat,tekirdağ,küçük,1987.0,25.0,8788925540,"61.449.101,78",4388245.18,12,1.0,"410,98","402,92",389.60,"390,73",7868,413.0,08.10.2021,25-06-26,90.0,0,,"0,32",hayır,evet,hayır,true,2025-Q1
SUP011,Manço Plastik Tic.,PLASTIK VE KAUÇUK,Kayseri,mikro,2002,4.0,6227849809,"7.642.712,68",518859.05,15,4.0,70.06,"67,32",62.91,"61,96",3720,787.0,25.06.2022,13.04.2025,60.0,,"0,10",0.25,Hayır,EVET,false,,2025-Q2
SUP006,yıldırım otomotiv ltd. şti.,Otomotiv Yan Sanayi,KOCAELI,KÜÇÜK,1995,26.0,9963834653,,8464890.41,33,29.0,,"363,45",361.46,395.24,13684,2993.0,16-04-25,21-12-25,90.0,No,0.20,"0,51",false,true,No,evet,2025-Q4
SUP009,Bilge Yılmaz Konfeksiyon Tic.,Tekstil,Şanlıurfa,Küçük,2014,28.0,7872343098,"24.967.999,95",3389627.28,16,2.0,"351,27",343.15,369.50,385.38,12139,1611.0,04/06/2021,31/05/2026,30.0,false,"0,33",0.15,Hayır,true,evet,true,2025-Q3
SUP035,eraslan yaman kauçuk tic.,  Plastik ve Kauçuk  ,van,MİKRO,2015,9.0,1913431616,9707434.49,1339833.52,8,0.0,101.22,"98,53","118,32","105,18",816,56.0,01.07.2024,,30.0,hayır,"0,14","0,53",No,evet,hayır,1,2025-Q3
SUP039,  Yaman Karton Tic.  ,Ambalaj,Tekirdag,KÜÇÜK,1985,26.0,9175496515,82380928.47,"11.043.044,51",29,10.0,348.24,"354,46","390,91","411,75",12146,474.0,07.11.2022,27.02.2025,45.0,0,"0,09",,No,1,false,true,2025-Q2
SUP042,Aksu Çetin Elektronik San. ve Tic. A.Ş.,ELEKTRONIK,  Denizli  ,Medium,1976,83.0,1539502409,309698811.14,"36.671.932,02",115,15.0,941.81,981.07,918.63,726.77,38305,8482.0,17-04-19,2026-01-10,45.0,Hayır,0.09,0.51,hayır,Evet,,1,2025-Q1
SUP005,bilir bilgin tekstil san. ve tic. a.ş.,Tekstil,  Van  ,ORTA,1986,179.0,2489325281,"896.309.605,12","99.377.230,55",139,17.0,179.07,"166,65","173,79",174.72,98805,5600.0,14/03/2017,21.11.2024,30.0,hayır,"0,12",0.36,0,Yes,0,Yes,2025-Q2
SUP011,  Manço Plastik Tic.  ,Plastik ve Kaucuk,Kayseri,Mikro,2002.0,4.0,6427849809,"7.642.712,68","488.874,75",16,3.0,"79,24",65.42,,63.75,3880,,25-06-22,13.04.2025,60.0,0,"0,06","0,29",No,EVET,0,false,2025-Q4
SUP037,ZENGIN GRUP A.Ş.,  Mobilya  ,Ankara,büyük,1994,1459.0,1640909745,"5.832.194.587,22",234945359.96,280,4.0,"5.155,68","5.474,36","4.924,29",5256.51,776393,93847.0,2021-02-28,13.04.2026,45.0,1,0.02,0.10,hayır,Yes,false,true,2025-Q3
SUP052,  Şener Zorlu Makine İmalat Ltd. Şti.  ,Makine İmalat,Tekirdağ,küçük,1987,25.0,8788925540,"61.449.101,78",4159439.85,11,1.0,439.10,"398,93","401,96",367.06,8613,435.0,08-10-21,,90.0,0,"0,09",0.33,HAYIR,Yes,No,Evet,2025-Q2
SUP027,Ertaş Kısakürek İçecek San. Tic. Ltd. Şti.,Gıda ve İçecek,Tekirdağ,orta,2006.0,68.0,1229413184,885447761.50,80017020.57,121,4.0,"657,57","667,60","681,13",,108669,16123.0,09/11/2020,,90.0,0,0.11,0.24,false,true,hayır,No,2025-Q1
SUP079,Ülker Şafak Plastik Tic.,  Plastik ve Kauçuk  ,gaziantep,Small,1986.0,35.0,5039106517,18184748.00,"2.314.028,38",20,1.0,,228.21,235.31,205.04,9717,1375.0,2018-04-19,2024-11-24,30.0,false,"0,14",0.27,0,Yes,hayır,Evet,2025-Q4
SUP057,KARADENIZ SEZGIN ÇELIK GRUP A.Ş.,METAL VE ÇELIK,kocaeli,büyük,1978,2770.0,1104328985,"1.693.581.870,75",106381521.35,199,49.0,"1.685,84",1548.14,1772.27,1773.71,117264,8777.0,13/11/2022,,90.0,evet,"0,03",0.32,false,,EVET,1,2025-Q2
SUP029,Hayrioğlu Makine Tic.,MAKINE İMALAT,Istanbul,Küçük,1994,27.0,3102499479,16406178.41,"1.157.937,51",30,13.0,375.31,"379,49","355,56","318,69",11560,790.0,2020-06-05,2026-02-23,30.0,false,"0,12",0.19,Hayır,evet,hayır,1,2025-Q4
SUP005,Bilir Bilgin Tekstil San. ve Tic. A.Ş.,tekstil,van,ORTA,1986.0,179.0,2489325281,"896.309.605,12","103.185.753,82",127,16.0,"177,45",161.87,,"167,33",104466,7310.0,14-03-17,2024-11-21,30.0,hayır,"0,13","0,44",0,,false,,2025-Q1
SUP001,korutürk tekstil san. tic. ltd. şti.,Tekstil,Manisa,Orta,1976,,4863794023,"225.584.135,67",5492821.36,134,,322.41,"313,40",317.95,281.45,46048,6596.0,02/08/2018,2024-09-29,90.0,Yes,0.05,,0,EVET,hayır,false,2025-Q1
SUP050,  İnönü Kimyasal Ürünler Ltd. Şti.  ,KIMYA,Adana,Küçük,2001,22.0,3921276997,"80.120.608,17","3.920.624,40",51,23.0,"114,06","101,85","88,87",100.33,5798,215.0,2021-03-04,,90.0,HAYIR,"0,13","0,80",0,1,Hayır,Yes,2025-Q4
SUP037,  Zengin Grup A.Ş.  ,Mobilya,  Ankara  ,büyük,1994,1459.0,1640909745,"5.832.194.587,22",215160848.48,299,5.0,,"5.505,47","5.213,36",5235.34,835656,92733.0,28-02-21,2026-04-13,45.0,Yes,0.02,"0,11",HAYIR,true,HAYIR,EVET,2025-Q4
SUP070,BILGIN YILMAZ DEMIR ÇELIK TIC.,metal ve çelik,Gaziantep,Micro,2014.0,3.0,9259526940,"3.973.260,55",455588.68,30,8.0,"127,42","118,11",,120.47,2589,123.0,09.08.2020,,60.0,HAYIR,"0,32",0.38,No,Yes,evet,0,2025-Q4
SUP016,Demir Kimya Tic.,Kimya,ÇORUM,MİKRO,2000.0,5.0,4369957773,3598737.60,965340.60,21,7.0,145.08,124.53,"149,74",128.94,2468,100.0,2024-07-04,31/10/2025,45.0,HAYIR,0.14,0.23,HAYIR,Hayır,false,0,2025-Q2
SUP057,Karadeniz Sezgin Çelik Grup A.Ş.,Metal ve Çelik,Kocaeli,büyük,1978.0,2770.0,1104328985,1693581870.75,"95.937.865,74",213,,"1.731,21",1613.62,"1.747,43",1870.92,110965,9686.0,13-11-22,24-07-26,90.0,Evet,0.03,0.30,0,EVET,true,Yes,2025-Q3
SUP023,  Şener Karadeniz Kauçuk Ltd. Şti.  ,plastik ve kauçuk,Aydın,Small,2016,16.0,7572628493,98545991.64,"20.107.103,24",51,,68.96,68.84,"63,09",63.49,15366,1764.0,03/06/2021,,90.0,Hayır,0.22,0.81,Yes,false,EVET,Evet,2025-Q3
SUP038,Zengin Gülen Plastik Tic.,Plastik ve Kauçuk,  Kocaeli  ,KÜÇÜK,,18.0,2456232859,78001959.14,16356453.19,24,5.0,"133,79",113.58,133.87,133.99,10272,1023.0,2023-12-25,08-08-26,60.0,false,0.11,0.30,HAYIR,hayır,1,1,2025-Q4
SUP049,yılmaz demir çelik san. ve tic. a.ş.,Metal ve Çelik,Tekirdağ,Orta,1976.0,133.0,3975161398,"138.072.035,41","1.916.928,95",49,12.0,873.94,969.52,1093.53,984.52,67691,4901.0,20/05/2019,28/08/2025,90.0,,"0,28","0,10",No,true,0,Evet,2025-Q3
SUP044,Ertaş Plastik Ltd. Şti.,PLASTIK VE KAUÇUK,  İstanbul  ,Small,2011.0,31.0,8661565458,44281395.89,"6.520.312,12",44,5.0,"308,93","341,76","312,80",308.80,9527,243.0,2023-03-09,16/12/2025,45.0,HAYIR,0.21,"0,35",false,evet,HAYIR,evet,2025-Q3
SUP019,  Akar Kimya San. Tic. Ltd. Şti.  ,Kimya,Manisa,Orta,1984,230.0,4166587605,"664.073.593,28",30705425.64,147,6.0,"696,13",790.37,"724,51","716,46",103134,365.0,,2025-12-02,45.0,No,0.14,"0,72",HAYIR,evet,Hayır,evet,2025-Q2
SUP002,Bilgin Yaman Çelik Ltd. Şti.,Metal ve Celik,ÇORUM,MİKRO,2020,6.0,4103413163,"3.910.304,11",579872.39,8,4.0,,81.24,"73,21",79.37,866,74.0,2021-05-15,2025-03-19,60.0,,0.15,0.39,Hayır,hayır,hayır,Hayır,2025-Q3
SUP014,Akdeniz Ergül İnşaat Malzemeleri San. ve Tic. A.Ş.,İnşaat Malzemeleri,İstanbul,büyük,1951,2953.0,4654145862,"5.908.947.316,98",185790252.91,243,1.0,"921,32","946,44",915.14,966.58,390444,52928.0,2018-05-03,15.06.2025,60.0,hayır,"0,13","0,14",0,evet,false,,2025-Q2
SUP037,ZENGIN GRUP A.Ş.,mobilya,Ankara,Büyük,1994,1459.0,1640909745,5832194587.22,"228.987.624,48",253,6.0,"4.865,89",4768.12,"5.333,16",5318.03,749975,87186.0,28-02-21,,,true,"0,01",0.10,hayır,1,No,Evet,2025-Q1
SUP046,Gül Demir Taşımacılık Ltd. Şti.,LOJISTIK,Eskişehir,Micro,2022,5.0,1244540220,"5.953.950,04",1752042.78,16,3.0,"175,49",,"180,74","189,72",958,34.0,20-11-16,2026-02-20,90.0,false,0.14,0.18,,Evet,Hayır,1,2025-Q3
SUP062,Ülker Mobilya Tic.,Mobilya,VAN,Micro,2002,3.0,9565431027,"1.138.716,95","322.888,44",26,13.0,16.44,15.69,"16,20","15,32",3689,485.0,31.10.2018,2024-12-18,90.0,hayır,,"0,38",Hayır,Evet,No,1,2025-Q1
SUP066,Hançer Gülen Mobilya Tic.,Mobilya,Diyarbakır,mikro,2018.0,7.0,1784473642,7346011.30,"1.563.879,89",10,6.0,140.42,"146,82","134,71",171.66,1443,82.0,11.02.2020,17-03-26,90.0,hayır,0.25,,hayır,,hayır,,2025-Q2
SUP048,şafak metal ltd. şti.,Metal ve Çelik,Mersin,KÜÇÜK,1993,26.0,5510762262,71063762.93,9739942.90,37,3.0,138.35,"146,02",,140.86,2316,168.0,04/08/2018,25/04/2025,45.0,Hayır,0.19,0.73,0,false,0,EVET,2025-Q1
SUP033,Şensoy Soylu Elektrik San. ve Tic. A.Ş.,elektronik,  Aydın  ,Büyük,1950,1408.0,5997278753,2334272596.64,116604665.76,333,,,804.65,"750,14",726.53,658043,18450.0,17.01.2022,22/02/2025,60.0,EVET,0.13,0.28,HAYIR,Evet,Hayır,EVET,2025-Q1
SUP027,Ertaş Kısakürek İçecek San. Tic. Ltd. Şti.,GIDA VE İÇECEK,Tekirdağ,Medium,2006,68.0,1229413104,885447761.50,90775793.01,112,5.0,"644,59","779,57","599,32",615.00,92881,17377.0,09-11-20,14/01/2025,90.0,hayır,0.11,"0,18",false,1,HAYIR,No,2025-Q4
SUP012,Şama İçecek Tic.,Gida ve Icecek,İzmir,mikro,2002,7.0,5005242782,7552958.50,"729.875,41",13,6.0,171.94,"180,73","172,14",170.96,1045,216.0,09.05.2020,26/04/2026,90.0,,"0,20",0.47,false,HAYIR,,Evet,2025-Q1
SUP082,gülen elektrik ltd. şti.,elektronik,Adana,KÜÇÜK,2018,24.0,7440892684,22612201.76,5278499.14,53,7.0,340.06,300.71,312.58,"368,16",15634,1507.0,2018-05-14,,90.0,true,0.07,"0,50",Hayır,Evet,false,EVET,2025-Q4
SUP031,  Aslan Yapı Tic.  ,İnşaat Malzemeleri,Kocaeli,KÜÇÜK,2005.0,17.0,7808760384,"87.195.978,50","9.938.127,09",34,3.0,318.11,265.96,225.59,"243,51",5980,,22.01.2022,,60.0,,"0,30","0,29",0,Evet,HAYIR,true,2025-Q3
SUP049,Yılmaz Demir Çelik San. ve Tic. A.Ş.,Metal ve Çelik,Tekirdağ,Orta,1976,133.0,3975161368,,1944549.00,51,13.0,943.50,932.20,1079.28,966.92,61400,5411.0,20-05-19,2025-08-28,90.0,HAYIR,"0,23","0,11",false,Yes,false,true,2025-Q4
SUP028,ŞENER SEZER ELEKTRONIK SAN. TIC. LTD. ŞTI.,Elektronik,KOCAELI,Medium,1980,90.0,4281206799,917653939.86,47377957.70,139,38.0,494.32,"517,18","471,30",503.65,78494,3710.0,14-04-21,29.08.2026,90.0,Evet,0.16,"0,40",No,true,Hayır,hayır,2025-Q1
SUP013,Kısakürek Makine Tic.,makine i̇malat,Bursa,Micro,2021,2.0,6869232261,"4.007.551,85","920.679,71",8,1.0,"16,37",19.14,,17.06,4815,103.0,,,30.0,,0.09,0.60,hayır,hayır,0,true,2025-Q4
SUP080,Seven Ertaş Karton Tic.,ambalaj,MANISA,Mikro,2012,2.0,9251286820,7805234.59,"2.313.662,86",6,2.0,82.23,113.39,"106,07",95.76,2828,284.0,20-09-22,05-08-25,45.0,0,0.25,"0,29",false,EVET,Hayır,0,2025-Q3
SUP061,Erdoğan İnönü Oto Yedek Parça San. Tic. Ltd. Şti.,Otomotiv Yan Sanayi,kayseri,orta,2003.0,60.0,6964016585,262410837.34,"12.323.384,94",97,27.0,"1.165,81",1182.32,1097.30,,99109,6170.0,16-12-24,,45.0,0,"0,13","0,33",No,true,,,2025-Q3
SUP078,seven akar yapı san. ve tic. a.ş.,İNŞAAT MALZEMELERI,Adana,ORTA,1979,194.0,2088398224,"781.615.470,97",100448649.93,120,2.0,"1.086,69","1.081,66",1128.54,"1.070,94",81039,2725.0,26.09.2024,30-05-26,60.0,false,"0,05",0.24,hayır,1,Hayır,EVET,2025-Q2
SUP036,Durmuş Tekstil San. Tic. Ltd. Şti.,Tekstil,  Manisa  ,ORTA,1990,177.0,3374740742,"364.030.998,37",25127730.44,44,4.0,"954,39","959,59","757,25",730.94,45355,10377.0,20/11/2020,11-04-26,45.0,Evet,"0,16",,false,Yes,hayır,evet,2025-Q4
SUP054,Öcalan Makine İmalat San. Tic. Ltd. Şti.,MAKINE İMALAT,Kayseri,Orta,1984,69.0,5188805923,703410436.07,"54.807.914,38",136,39.0,"162,29","150,73","172,88",,84059,6664.0,2019-06-10,02/11/2025,,1,"0,05",0.65,EVET,evet,Hayır,evet,2025-Q2
SUP063,AKSU SAN. VE TIC. A.Ş.,Otomotiv Yan Sanayi,TRABZON,büyük,1978,,6518844229,4123911786.84,"328.788.696,19",234,78.0,"1.297,90",1286.68,1193.29,1236.24,892609,59994.0,2024-10-11,11.11.2025,60.0,Yes,"0,13",0.29,HAYIR,true,HAYIR,EVET,2025-Q1
SUP051,  Çamurcuoğlu Sakarya Plastik San. ve Tic. A.Ş.  ,Plastik ve Kauçuk,Gaziantep,orta,2004.0,165.0,1054119980,"973.875.757,79",,120,31.0,415.55,424.09,415.42,"411,01",100824,25088.0,25/09/2019,2025-10-09,90.0,No,"0,21","0,59",false,Evet,,evet,2025-Q2
SUP044,ertaş plastik ltd. şti.,PLASTIK VE KAUÇUK,i̇stanbul,Küçük,2011.0,31.0,8661565458,44281395.89,"6.506.810,03",43,6.0,317.67,,"333,26",324.08,9371,306.0,09.03.2023,16/12/2025,45.0,No,"0,17","0,36",,true,0,EVET,2025-Q2
SUP009,Bilge Yılmaz Konfeksiyon Tic.,Tekstil,Sanliurfa,Küçük,,28.0,7872343098,24967999.95,3416647.27,15,,"360,56",355.37,381.16,"393,46",12846,1308.0,04-06-21,31.05.2026,30.0,false,"0,31","0,19",Hayır,Yes,1,,2025-Q1
SUP065,İhsanoğlu Lojistik Ltd. Şti.,Lojistik,trabzon,küçük,1999.0,32.0,9414384245,96963815.25,12137544.77,50,6.0,"92,25",85.65,85.44,"91,43",10130,577.0,22.11.2023,21.02.2025,30.0,0,"0,16",0.20,HAYIR,HAYIR,Evet,false,2025-Q1
SUP015,Türk Gül Kimya Tic.,Kimya,Sakarya,Mikro,2008,1.0,7088356159,"3.021.930,44","249.372,01",10,3.0,185.14,,216.49,"210,79",4856,931.0,2021-03-11,29.05.2026,60.0,false,0.17,,hayır,1,EVET,Evet,2025-Q1
SUP072,Erdoğan Akçay Yapı Ltd. Şti.,i̇nşaat malzemeleri,ESKIŞEHIR,küçük,2015.0,43.0,7527858547,46933966.84,9467482.16,17,7.0,261.46,"268,90",310.75,318.22,7011,24.0,10.09.2017,06/03/2025,90.0,hayır,0.08,,hayır,true,,hayır,2025-Q2
SUP041,Demir Mobilya San. Tic. Ltd. Şti.,Mobilya,Sakarya,ORTA,1982.0,166.0,2390053293,433476962.86,31242259.12,92,,"84,47",91.67,"88,53",84.11,46666,6931.0,2017-06-29,10/07/2026,45.0,true,0.19,,,1,0,,2025-Q1
SUP057,  Karadeniz Sezgin Çelik Grup A.Ş.  ,Metal ve Celik,Kocaeli,BÜYÜK,1978,2770.0,1104328985,"1.693.581.870,75",96845099.96,194,75.0,1776.07,"1.653,27","1.613,16",1927.72,109118,9106.0,13.11.2022,24/07/2026,90.0,true,0.03,"0,24",hayır,evet,EVET,,2025-Q4
SUP066,Hançer Gülen Mobilya Tic.,Mobilya,Diyarbakır,Mikro,2018,7.0,1784473622,7346011.30,1560908.80,11,6.0,"150,17",155.67,"126,53","177,99",1325,60.0,2020-02-11,,90.0,0,0.20,"0,28",Hayır,evet,HAYIR,1,2025-Q4
SUP047,ŞENSOY ŞAMA İPLIK SAN. TIC. LTD. ŞTI.,tekstil,Adana,Medium,1985.0,243.0,1147679763,438574965.13,"31.937.067,66",47,12.0,"727,66","652,81","714,43",702.55,102678,7513.0,2021-03-25,29.04.2026,60.0,true,0.20,"0,80",false,evet,HAYIR,Yes,2025-Q3
SUP041,Demir Mobilya San. Tic. Ltd. Sti.,Mobilya,Sakarya,orta,1982.0,166.0,2390053293,433476962.86,30506009.57,74,24.0,"78,20","84,17","97,69",91.41,44084,9282.0,2017-06-29,,45.0,EVET,0.30,0.22,0,Yes,hayır,evet,2025-Q4
SUP067,akçay fırat karton ltd. şti.,Ambalaj,Ankara,Mikro,2017,2.0,6371473217,3731829.40,"322.536,66",17,4.0,"98,27","99,66",100.48,"102,47",4349,614.0,17-01-23,,30.0,hayır,,"0,60",No,HAYIR,HAYIR,,2025-Q3
SUP038,Zengin Gülen Plastik Tic.,Plastik ve Kauçuk,Kocaeli,küçük,2008.0,18.0,2456232859,"78.001.959,14",16611017.37,23,6.0,128.50,119.85,"124,24",124.58,9675,1258.0,2023-12-25,2026-08-08,60.0,hayır,0.09,,No,Hayır,1,Evet,2025-Q3
SUP043,ERDOĞAN KISAKÜREK MAKINE İMALAT TIC.,Makine İmalat,BURSA,Small,1988,40.0,7617511595,"42.583.507,64","6.332.546,93",14,3.0,216.29,"185,85",181.15,204.32,8376,1001.0,2023-11-16,17.12.2025,45.0,1,0.09,"0,31",HAYIR,Yes,Hayır,Evet,2025-Q3
SUP055,Hayrioğlu Soylu Makine İmalat Ltd. Şti.,  Makine İmalat  ,Gaziantep,Mikro,2015,4.0,6977468862,915078.07,"124.237,71",27,9.0,123.27,"142,06","142,37",133.80,1608,78.0,,19-12-25,45.0,0,0.37,0.94,false,evet,0,,2025-Q4
SUP082,Gülen Elektrik Ltd. Şti.,ELEKTRONIK,Adana,küçük,2018,24.0,7440892684,22612201.76,"5.003.120,64",51,6.0,321.30,"304,40","333,73",,15025,1217.0,14/05/2018,,90.0,true,"0,07",0.40,Hayır,evet,0,Yes,2025-Q3
SUP077,Cetin Ambalaj Tic.,  Ambalaj  ,TEKIRDAĞ,KÜÇÜK,2017,29.0,2459332728,37175125.57,6691077.22,58,20.0,"359,44","321,29",389.34,325.47,4199,205.0,,17-03-25,90.0,false,0.15,"0,53",true,true,0,0,2025-Q4
SUP056,  İhsanoğlu Gıda San. ve Tic. A.Ş.  ,GIDA VE İÇECEK,Ankara,Orta,1984,161.0,2375060682,"886.705.250,55","81.429.625,51",76,1.0,"918,24","752,11","724,80",605.80,19004,2392.0,09-01-17,05.12.2024,60.0,EVET,"0,08","0,22",0,1,evet,,2025-Q4
SUP015,  Türk Gül Kimya Tic.  ,Kimya,SAKARYA,Micro,2008.0,1.0,7088356159,3021930.44,245580.61,11,3.0,"157,92","197,75",,"225,56",5166,1344.0,11-03-21,29-05-26,60.0,Hayır,"0,08",0.49,0,Yes,evet,true,2025-Q4
SUP032,Çamurcuoğlu Ambalaj Ltd. Şti.,AMBALAJ,İstanbul,Küçük,2011.0,15.0,4171274842,"59.429.767,52","13.052.246,70",60,17.0,94.71,85.89,108.21,"109,46",1110,48.0,2017-10-26,2025-02-20,90.0,No,"0,12","0,42",Hayır,1,Yes,1,2025-Q3
SUP077,çetin ambalaj tic.,Ambalaj,  Tekirdağ  ,küçük,2017.0,29.0,2459332728,37175125.57,6844731.54,57,,"398,13","359,85","402,91","353,64",4796,,2024-09-25,,90.0,No,0.16,0.66,,true,Hayır,false,2025-Q2
SUP044,Ertaş Plastik Ltd. Şti.,PLASTIK VE KAUÇUK,İstanbul,küçük,2011,31.0,8661565458,"44.281.395,89",,47,5.0,318.13,"321,48","329,36",,9484,,09.03.2023,16-12-25,45.0,,0.14,"0,36",0,EVET,HAYIR,Evet,2025-Q1
SUP048,  Şafak Metal Ltd. Şti.  ,Metal ve Çelik,Mersin,Küçük,1993.0,26.0,5510762262,71063762.93,9147814.98,32,2.0,"138,92",142.43,"155,50",134.34,2256,219.0,2018-08-04,25.04.2025,45.0,HAYIR,0.20,0.55,hayır,No,1,false,2025-Q3
SUP021,arslan çorlu kauçuk tic.,plastik ve kauçuk,Çorum,KÜÇÜK,,26.0,2708053107,"22.212.953,85",3244089.30,11,9.0,"243,96","268,93","282,49","247,33",1866,137.0,2020-07-27,2026-05-03,30.0,0,"0,28",0.90,1,EVET,0,Yes,2025-Q3
SUP005,Bilir Bilgin Tekstil San. ve Tic. A.S.,Tekstil,Van,Medium,1986.0,179.0,2489325281,896309605.12,99663791.52,136,11.0,184.44,166.62,"175,37",179.79,94077,4098.0,14/03/2017,21.11.2024,30.0,0,0.08,0.38,hayır,1,No,true,2025-Q4
SUP021,Arslan Çorlu Kauçuk Tic.,  Plastik ve Kauçuk  ,çorum,küçük,2011,26.0,2708053107,22212953.85,3155855.41,12,7.0,238.53,"271,10",274.58,253.64,1735,120.0,27-07-20,03-05-26,30.0,,0.35,"0,70",1,EVET,hayır,true,2025-Q2
SUP054,  Öcalan Makine İmalat San. Tic. Ltd. Şti.  ,Makine İmalat,,orta,1984,69.0,5188805923,703410436.07,"57.108.759,48",127,44.0,"155,09","152,81",161.65,173.19,78995,7476.0,2019-06-10,02.11.2025,90.0,true,"0,05",0.50,evet,EVET,No,Evet,2025-Q1
SUP002,Bilgin Yaman Çelik Ltd. Şti.,Metal ve Çelik,ÇORUM,Micro,2020.0,6.0,4103413163,"3.910.304,11","599.006,65",8,4.0,79.56,79.53,78.44,80.27,859,,15/05/2021,2025-03-19,60.0,hayır,0.13,,No,HAYIR,HAYIR,0,2025-Q1
SUP050,İnönü Kimyasal Ürünler Ltd. Şti.,Kimya,  Adana  ,Small,2001,22.0,3921277997,"80.120.608,17",3749921.92,57,20.0,"110,75","99,90","96,46","101,10",6062,202.0,04-03-21,03.10.2025,90.0,HAYIR,"0,13","0,62",0,EVET,Hayır,Yes,2025-Q1
SUP081,Şensoy Şensoy Kimya San. Tic. Ltd. Şti.,Kimya,SAKARYA,orta,1976.0,111.0,4119079036,481715226.76,"30.395.607,24",99,23.0,"931,09",857.53,"894,76","930,59",98276,12427.0,12-08-17,,30.0,0,"0,05",0.20,0,true,No,true,2025-Q1
SUP036,Durmuş Tekstil San. Tic. Ltd. Şti.,  Tekstil  ,  Manisa  ,orta,,177.0,3374740742,364030998.37,,45,4.0,991.96,"964,98","791,94",759.05,49714,9215.0,2020-11-20,,45.0,Yes,0.22,"0,21",false,EVET,false,true,2025-Q3
SUP035,Eraslan Yaman Kauçuk Tic.,Plastik ve Kauçuk,  Van  ,MİKRO,2015.0,,1913431616,9707434.49,"1.471.340,02",9,0.0,103.20,"103,32","105,47",102.05,712,42.0,01.07.2024,29-12-24,30.0,false,0.22,"0,66",0,Evet,0,1,2025-Q1
SUP009,Bilge Yılmaz Konfeksiyon Tic.,Tekstil,Sanliurfa,Küçük,2014,28.0,7872343098,24967999.95,"3.624.506,83",16,2.0,358.82,"361,52","380,20",358.63,12621,1796.0,04-06-21,31.05.2026,,No,0.24,0.11,Hayır,1,evet,EVET,2025-Q4
SUP007,ŞENSOY ELEKTRONIK TIC.,Elektronik,bursa,KÜÇÜK,2002,41.0,4829973768,,"5.553.341,86",22,2.0,140.95,133.53,"117,75","127,72",1703,121.0,2020-01-28,,45.0,evet,"0,11",0.23,HAYIR,hayır,0,1,2025-Q2
SUP053,arsoy mobilya tic.,Mobilya,Eskişehir,Small,1994,32.0,5629148653,40118441.25,4113422.66,13,0.0,"269,78","266,69",270.17,284.28,13430,2113.0,28.01.2020,2025-01-06,45.0,No,"0,20",0.86,0,true,false,evet,2025-Q1
SUP010,Şafak Mobilya Tic.,  Mobilya  ,Kayseri,Mikro,2007,1.0,2699854355,"5.545.698,29","431.931,51",19,7.0,"185,37","189,74",,"164,87",4316,540.0,30/05/2019,2026-03-06,45.0,HAYIR,0.24,"0,34",hayır,evet,1,HAYIR,2025-Q4
SUP072,Erdoğan Akçay Yapı Ltd. Şti.,i̇nşaat malzemeleri,Eskişehir,Small,2015.0,43.0,7527858547,"46.933.966,84","9.364.814,04",19,7.0,"240,98",258.52,311.28,319.18,7124,25.0,2017-09-10,06.03.2025,90.0,,"0,08","0,66",HAYIR,EVET,,No,2025-Q3
SUP014,AKDENIZ ERGÜL İNŞAAT MALZEMELERI SAN. VE TIC. A.Ş.,İnşaat Malzemeleri,,Büyük,,2953.0,4654145862,"5.908.947.316,98","199.076.152,99",227,1.0,,876.43,"868,45","899,11",359766,45070.0,03.05.2018,15-06-25,60.0,false,"0,13",0.17,Hayır,1,0,true,2025-Q1
SUP004,Şafak Türk Plastik Ltd. Şti.,Plastik ve Kauçuk,Gaziantep,küçük,1988,17.0,3269166979,32196475.69,"5.373.796,94",37,5.0,"113,58",119.88,"105,03","111,69",2675,336.0,2018-03-04,12-12-25,60.0,Hayır,0.24,"0,24",No,EVET,hayır,evet,2025-Q2
SUP019,AKAR KIMYA SAN. TIC. LTD. ŞTI.,Kimya,MANISA,orta,1984,230.0,4166587605,"664.073.593,28",34510753.91,163,4.0,"715,64","715,09",681.69,"730,65",107196,407.0,2022-11-05,,45.0,No,"0,13","1,10",,EVET,HAYIR,Evet,2025-Q4
SUP082,gülen elektrik ltd. şti.,  Elektronik  ,Adana,küçük,2018,24.0,7440892884,22612201.76,,54,7.0,"345,67",311.84,"345,84",363.69,15574,1104.0,14-05-18,27/10/2024,90.0,1,"0,08",0.33,hayır,Evet,hayır,Yes,2025-Q2
SUP080,Seven Ertaş Karton Tic.,Ambalaj,Manisa,MİKRO,2012,2.0,9251286820,"7.805.234,59",2398135.32,7,2.0,84.45,112.40,"112,93","97,50",2897,349.0,2022-09-20,05.08.2025,,hayır,"0,22","0,36",No,true,false,hayır,2025-Q4
SUP050,i̇nönü kimyasal ürünler ltd. şti.,Kimya,Adana,KÜÇÜK,,22.0,3921277997,"80.120.608,17","4.018.216,15",53,21.0,113.14,99.77,"90,15","98,64",5860,219.0,04-03-21,03.10.2025,90.0,No,,0.70,Hayır,EVET,HAYIR,evet,2025-Q2
SUP072,ERDOĞAN AKÇAY YAPI LTD. ŞTI.,İNŞAAT MALZEMELERI,Eskişehir,Küçük,2015.0,43.0,7527858547,"46.933.966,84","8.804.590,42",20,8.0,233.23,266.85,"329,24",330.00,7745,27.0,10-09-17,,90.0,HAYIR,0.08,"0,58",hayır,EVET,,No,2025-Q4
SUP074,Yüksel Kimya San. Tic. Ltd. Şti.,Kimya,DENIZLI,ORTA,2005,75.0,3082677344,198303923.41,20365372.35,125,13.0,339.05,"346,72",347.44,"314,05",112967,8277.0,24-11-17,2025-10-14,60.0,Evet,0.14,"0,48",HAYIR,false,0,true,2025-Q3
SUP055,Hayrioğlu Soylu Makine İmalat Ltd. Şti.,Makine İmalat,Gaziantep,Micro,2015,4.0,6977468862,915078.07,145762.62,29,9.0,"135,35","144,20",,136.22,1456,74.0,13-09-16,19.12.2025,45.0,hayır,0.28,1.07,false,,Hayır,EVET,2025-Q1
SUP051,çamurcuoğlu sakarya plastik san. ve tic. a.ş.,Plastik ve Kaucuk,GAZIANTEP,Orta,2004,165.0,1054119980,973875757.79,52841958.34,121,34.0,"427,64",394.42,"421,89","410,05",91857,23255.0,25-09-19,09-10-25,90.0,0,,"0,73",false,evet,Hayır,Yes,2025-Q1
SUP005,Bilir Bilgin Tekstil San. ve Tic. A.S.,TEKSTIL,  Van  ,ORTA,1986,179.0,2489325281,896309605.12,"104.317.004,72",148,14.0,177.28,164.27,178.69,167.38,97702,4998.0,14-03-17,21/11/2024,30.0,0,"0,11","0,37",false,EVET,Hayır,EVET,2025-Q3
SUP020,Ulker Mobilya Ltd. Sti.,Mobilya,İzmir,küçük,2012,41.0,1656272985,"78.903.511,85","8.217.152,53",61,11.0,"304,93","310,10",326.57,"309,02",883,90.0,2017-11-16,,30.0,0,,"0,73",evet,Yes,Hayır,hayır,2025-Q3
SUP084,akar ambalaj tic.,Ambalaj,Denizli,mikro,2009.0,1.0,4317393637,8379359.71,,16,2.0,116.91,"90,37",117.60,111.28,901,84.0,03-12-20,05-02-25,60.0,Hayır,0.22,0.23,HAYIR,EVET,Yes,false,2025-Q4
SUP018,Şener Mansız Otomotiv Tic.,OTOMOTIV YAN SANAYI,Denizli,mikro,2019.0,6.0,8986872771,"8.139.043,63",1813923.35,32,8.0,"51,45","56,58",77.29,65.44,4175,501.0,2021-09-05,2026-06-16,60.0,0,0.36,1.07,HAYIR,Yes,true,HAYIR,2025-Q3
SUP085,  Şafak Nakliyat Ltd. Şti.  ,Lojistik,SAKARYA,KÜÇÜK,1987.0,,4204899647,"42.368.015,62",10258015.31,50,18.0,138.80,"131,70","143,83","131,60",5826,1132.0,2024-04-28,2024-12-27,45.0,No,,"0,43",HAYIR,1,0,evet,2025-Q2
SUP059,durdu kauçuk ltd. şti.,plastik ve kauçuk,KONYA,küçük,2006.0,21.0,8722170439,"11.461.800,80","2.332.183,08",34,11.0,"103,03","106,55","116,96","114,30",6616,1764.0,2020-10-15,23-07-26,30.0,0,"0,20","0,39",false,1,HAYIR,true,2025-Q1
SUP049,Yılmaz Demir Çelik San. ve Tic. A.Ş.,Metal ve Çelik,Tekirdağ,ORTA,1976,133.0,3975161368,138072035.41,"1.742.995,85",49,15.0,"976,60",945.58,"980,68",1047.13,62044,4383.0,20-05-19,28.08.2025,90.0,0,0.29,"0,15",0,Yes,false,EVET,2025-Q1
SUP066,HANÇER GÜLEN MOBILYA TIC.,Mobilya,Diyarbakır,Mikro,,7.0,1784473642,"7.346.011,30",1561729.22,11,7.0,"151,16",148.51,127.59,168.38,1339,74.0,11.02.2020,17-03-26,90.0,Hayır,"0,19",0.37,No,Evet,No,Hayır,2025-Q3
SUP083,bilge sakarya plastik tic.,PLASTIK VE KAUÇUK,  Adana  ,küçük,2014.0,,9668826348,"38.686.101,16",5378115.52,55,18.0,373.78,335.70,,"333,98",6579,1647.0,2022-06-19,24/05/2026,45.0,false,"0,15",,false,EVET,No,Yes,2025-Q3
SUP022,SAKARYA KISAKÜREK İPLIK LTD. ŞTI.,Tekstil,  Manisa  ,Micro,2009.0,2.0,1496631931,4998830.08,"421.485,53",24,10.0,"56,54","53,35",51.70,"48,42",1348,39.0,26-08-20,15-07-26,30.0,No,,"0,48",hayır,true,1,,2025-Q1
SUP059,DURDU KAUÇUK LTD. ŞTI.,plastik ve kauçuk,Konya,Small,2006.0,21.0,8722170439,"11.461.800,80",2712167.50,32,8.0,"100,74",103.60,114.78,113.41,5744,1622.0,15/10/2020,23-07-26,,hayır,"0,17","0,65",HAYIR,EVET,HAYIR,,2025-Q4
SUP076,İhsanoğlu Nakliyat Ltd. Şti.,Lojistik,Sakarya,Micro,2012.0,7.0,9516122752,"1.570.144,23","145.138,80",21,6.0,"44,42",36.80,34.13,41.60,2489,267.0,11-12-18,25-03-26,45.0,Evet,"0,13",0.52,hayır,EVET,evet,true,2025-Q2
SUP022,SAKARYA KISAKÜREK İPLIK LTD. ŞTI.,Tekstil,Manisa,MİKRO,2009,2.0,1496631931,,,20,7.0,"58,47","48,39",51.98,"42,38",1523,66.0,26/08/2020,,30.0,HAYIR,"0,19",0.54,1,Evet,Evet,false,2025-Q4
SUP022,  Sakarya Kısakürek İplik Ltd. Şti.  ,Tekstil,  Manisa  ,Micro,2009.0,2.0,1496631931,"4.998.830,08","493.566,88",20,9.0,56.80,51.06,54.47,44.61,1593,55.0,26-08-20,,30.0,false,"0,18","0,63",EVET,,true,No,2025-Q3
SUP039,Yaman Karton Tic.,ambalaj,tekirdağ,Small,1985,26.0,9175496515,82380928.47,12908842.56,28,12.0,303.75,"375,01","371,24","431,62",11703,463.0,07/11/2022,27/02/2025,45.0,hayır,0.12,"0,58",HAYIR,Evet,No,true,2025-Q4
SUP003,korutürk gıda san. ve tic. a.ş.,gıda ve i̇çecek,Sakarya,ORTA,2010,106.0,6030564132,"340.280.039,84",45777116.58,93,32.0,272.31,"333,26","325,97","354,17",61090,9786.0,08.06.2018,2026-02-17,60.0,Evet,,"0,33",No,Evet,0,Yes,2025-Q4
SUP054,Ocalan Makine Imalat San. Tic. Ltd. Sti.,Makine İmalat,  Kayseri  ,Orta,1984,69.0,5188805923,703410436.07,"52.189.930,20",134,34.0,151.53,148.46,"155,85",162.04,89891,5625.0,10-06-19,2025-11-02,90.0,,"0,07","0,54",true,Yes,hayır,Evet,2025-Q4
SUP065,İhsanoğlu Lojistik Ltd. Şti.,Lojistik,TRABZON,Küçük,1999,32.0,9414384245,,"11.491.395,05",50,6.0,94.80,88.01,86.60,96.15,11022,464.0,22/11/2023,,30.0,hayır,,0.24,HAYIR,No,evet,hayır,2025-Q2
SUP046,GÜL DEMIR TAŞIMACILIK LTD. ŞTI.,LOJISTIK,Eskişehir,MİKRO,2022.0,5.0,1244550220,5953950.04,"1.620.231,35",15,3.0,"163,01",170.82,"183,07","175,85",981,29.0,20/11/2016,,90.0,0,,"0,17",Yes,true,No,true,2025-Q2
SUP067,Akçay Fırat Karton Ltd. Şti.,ambalaj,Ankara,MİKRO,2017,2.0,6371473217,,,18,4.0,96.82,"104,76","107,22","105,78",3991,670.0,17-01-23,,30.0,,0.14,"0,67",0,Hayır,HAYIR,Hayır,2025-Q2
SUP015,Türk Gül Kimya Tic.,Kimya,Sakarya,mikro,2008,1.0,7088356159,3021930.44,"232.155,21",10,3.0,183.81,"195,60",,227.50,4910,1033.0,11.03.2021,2026-05-29,60.0,0,0.15,"0,37",HAYIR,EVET,Yes,1,2025-Q2
SUP003,Korutürk Gıda San. ve Tic. A.Ş.,Gıda ve İçecek,  Sakarya  ,ORTA,2010,106.0,6030564132,340280039.84,51498423.61,92,27.0,"280,73",311.26,"301,29","327,13",60293,12469.0,2018-06-08,2026-02-17,60.0,EVET,0.09,,No,EVET,false,1,2025-Q2
SUP076,Ihsanoglu Nakliyat Ltd. Sti.,LOJISTIK,SAKARYA,mikro,,7.0,9516122752,1570144.23,158161.75,22,5.0,"44,49","32,64",34.67,42.59,2702,332.0,2018-12-11,,45.0,evet,0.17,0.53,No,Evet,Yes,Evet,2025-Q4
SUP045,Bilge Otomotiv Tic.,Otomotiv Yan Sanayi,  Eskişehir  ,Small,2012.0,13.0,5945198329,77013007.23,8329381.79,15,2.0,180.92,188.07,200.25,"156,72",1940,317.0,2020-12-20,,90.0,hayır,0.25,"0,45",Hayır,false,,0,2025-Q3
SUP037,zengin grup a.ş.,Mobilya,ankara,Büyük,1994,1459.0,1640909745,5832194587.22,249970806.44,266,5.0,,5122.66,"4.998,75",4914.44,721770,94917.0,28-02-21,,45.0,Yes,"0,01","0,11",HAYIR,evet,false,EVET,2025-Q2
SUP085,Şafak Nakliyat Ltd. Şti.,Lojistik,Sakarya,Küçük,1987.0,46.0,4204899647,42368015.62,11576650.63,48,16.0,"135,24","133,40",147.45,122.71,5685,1208.0,2024-04-28,27.12.2024,45.0,hayır,"0,21",0.42,hayır,1,0,1,2025-Q4
SUP021,Arslan Çorlu Kauçuk Tic.,Plastik ve Kauçuk,Çorum,Small,2011.0,26.0,2708053107,,2922639.59,11,6.0,236.80,257.32,271.00,"268,77",1875,133.0,27-07-20,,30.0,HAYIR,"0,29",,EVET,evet,Hayır,true,2025-Q1
SUP019,Akar Kimya San. Tic. Ltd. Şti.,Kimya,Manisa,orta,1984,230.0,4166587605,"664.073.593,28","33.329.661,51",157,5.0,679.14,,"729,40",,110381,404.0,05.11.2022,02-12-25,45.0,No,0.15,,No,,0,,2025-Q3
SUP072,ERDOĞAN AKÇAY YAPI LTD. ŞTI.,İnşaat Malzemeleri,Eskişehir,Küçük,2015.0,43.0,7527858547,46933966.84,"9.409.974,35",19,7.0,"280,99",278.94,304.27,315.78,7265,19.0,10-09-17,06-03-25,90.0,hayır,"0,09",0.54,,evet,HAYIR,hayır,2025-Q1
SUP022,Sakarya Kısakürek İplik Ltd. Şti.,tekstil,Manisa,mikro,2009.0,2.0,1496631931,"4.998.830,08","461.628,32",22,11.0,"60,02",,52.70,45.74,1464,46.0,26.08.2020,,,false,0.21,"0,58",EVET,Yes,1,false,2025-Q2
SUP016,DEMIR KIMYA TIC.,Kimya,  Çorum  ,Mikro,2000,5.0,5369957773,3598737.60,990006.45,22,6.0,"137,83","131,50","162,27","124,00",2918,98.0,04.07.2024,31/10/2025,45.0,No,0.18,"0,15",0,Hayır,Hayır,false,2025-Q4
SUP018,Şener Mansız Otomotiv Tic.,Otomotiv Yan Sanayi,Denizli,Mikro,2019.0,6.0,8986872771,8139043.63,1962000.46,32,9.0,"53,50","57,07",71.60,"67,77",3854,503.0,2021-09-05,16/06/2026,60.0,No,0.30,"1,10",0,1,Yes,hayır,2025-Q2
